INBRED,INBRED_CLUSTER,TESTER,TESTER_CLUSTER,YIELD
Inbred_1071,Cluster8,Tester_5450,Cluster5,1.062165128004795
Inbred_122,Cluster12,Tester_4336,Cluster6,1.027148868729703
Inbred_1337,Cluster17,Tester_2652,Cluster1,0.9340808937650575
Inbred_1337,Cluster17,Tester_4373,Cluster3,0.9678564292846421
Inbred_1339,Cluster17,Tester_4238,Cluster11,0.9715796619653552
Inbred_1339,Cluster17,Tester_4250,Cluster11,0.9851524431117915
Inbred_1339,Cluster17,Tester_4270,Cluster5,0.9650686469608778
Inbred_1339,Cluster17,Tester_5311,Cluster1,0.9807211588095441
Inbred_1339,Cluster17,Tester_7050,Cluster3,0.9885859498615521
Inbred_1339,Cluster17,Tester_7115,Cluster3,0.991703056364477
Inbred_1339,Cluster17,Tester_8064,Cluster3,0.9610796211572407
Inbred_1340,Cluster5,Tester_5524,Cluster8,1.0263874064767917
Inbred_1341,Cluster1,Tester_5374,Cluster17,0.9758960861426108
Inbred_1342,Cluster1,Tester_4281,Cluster8,0.9901470445788932
Inbred_1342,Cluster1,Tester_4307,Cluster17,1.00869658918902
Inbred_1342,Cluster1,Tester_5249,Cluster8,1.0417468957002154
Inbred_1342,Cluster1,Tester_5511,Cluster7,1.0303725522142253
Inbred_1342,Cluster1,Tester_6357,Cluster17,1.010632358295407
Inbred_1344,Cluster1,Tester_3504,Cluster7,0.9826027964618005
Inbred_1344,Cluster1,Tester_4217,Cluster10,1.0341592156994894
Inbred_1344,Cluster1,Tester_5375,Cluster17,1.0193235653180996
Inbred_1345,Cluster1,Tester_3507,Cluster8,0.9746775536910925
Inbred_1345,Cluster1,Tester_5230,Cluster8,0.9620937379614233
Inbred_1345,Cluster1,Tester_5322,Cluster7,1.0083983963541951
Inbred_1345,Cluster1,Tester_5386,Cluster8,0.968246858094396
Inbred_1345,Cluster1,Tester_6258,Cluster8,1.011306426373027
Inbred_1345,Cluster1,Tester_6332,Cluster8,0.9997389920655402
Inbred_1346,Cluster4,Tester_4320,Cluster8,1.0232363909227977
Inbred_1346,Cluster4,Tester_5368,Cluster8,1.0008324276653602
Inbred_1346,Cluster4,Tester_5382,Cluster17,0.9771002083057772
Inbred_1346,Cluster4,Tester_6287,Cluster8,1.0005534780800234
Inbred_1346,Cluster4,Tester_6355,Cluster8,0.9853354703544539
Inbred_1347,Cluster7,Tester_2724,Cluster3,0.9986331455035158
Inbred_1347,Cluster7,Tester_5574,Cluster1,1.0043591354740906
Inbred_1348,Cluster17,Tester_5311,Cluster1,0.9664043202139483
Inbred_1349,Cluster17,Tester_4373,Cluster3,0.9988670407377357
Inbred_1349,Cluster17,Tester_4392,Cluster1,0.9862518234164572
Inbred_1349,Cluster17,Tester_5279,Cluster4,0.9965331327697743
Inbred_1349,Cluster17,Tester_5436,Cluster1,0.9862750715648352
Inbred_1349,Cluster17,Tester_5440,Cluster1,1.0136144048590712
Inbred_1349,Cluster17,Tester_5495,Cluster5,0.9824966424867877
Inbred_1349,Cluster17,Tester_5558,Cluster1,0.9836639320629371
Inbred_1349,Cluster17,Tester_5566,Cluster5,0.9493618804626598
Inbred_1349,Cluster17,Tester_8055,Cluster5,1.0039578969432523
Inbred_1349,Cluster17,Tester_8059,Cluster1,0.9775736296279414
Inbred_1349,Cluster17,Tester_8060,Cluster3,0.9998859793671235
Inbred_1351,Cluster8,Tester_4353,Cluster11,0.9527288432989321
Inbred_1351,Cluster8,Tester_4370,Cluster3,1.0285483949272518
Inbred_1351,Cluster8,Tester_4392,Cluster1,0.9839182230630525
Inbred_1352,Cluster7,Tester_4541,Cluster4,1.0081778798179295
Inbred_1352,Cluster7,Tester_5495,Cluster5,0.9819865819443213
Inbred_1354,Cluster7,Tester_4370,Cluster3,1.0723402039559362
Inbred_1354,Cluster7,Tester_5197,Cluster5,1.0782489907029957
Inbred_1355,Cluster8,Tester_4252,Cluster1,0.9432833934724515
Inbred_1357,Cluster17,Tester_5307,Cluster5,0.977153633807122
Inbred_1357,Cluster17,Tester_5573,Cluster1,0.9721654150753101
Inbred_1357,Cluster17,Tester_5604,Cluster1,0.998975744255347
Inbred_1358,Cluster17,Tester_4251,Cluster1,0.9785014474972562
Inbred_1358,Cluster17,Tester_4269,Cluster5,1.0287153493187224
Inbred_1358,Cluster17,Tester_4348,Cluster6,1.0264838259632556
Inbred_1358,Cluster17,Tester_5440,Cluster1,1.027904422072706
Inbred_1358,Cluster17,Tester_5495,Cluster5,0.9970457926074724
Inbred_1358,Cluster17,Tester_5574,Cluster1,1.0146708512011453
Inbred_1358,Cluster17,Tester_5578,Cluster3,1.0219227082764675
Inbred_1359,Cluster8,Tester_4373,Cluster3,1.0275075775950393
Inbred_1359,Cluster8,Tester_5262,Cluster11,1.0024393020717763
Inbred_1359,Cluster8,Tester_5573,Cluster1,1.0268681948710243
Inbred_1360,Cluster17,Tester_5300,Cluster3,1.0279146171469034
Inbred_1361,Cluster8,Tester_4509,Cluster5,0.9758390523015034
Inbred_1361,Cluster8,Tester_5593,Cluster5,1.020656046991586
Inbred_1364,Cluster17,Tester_5593,Cluster5,1.027663620490524
Inbred_1365,Cluster8,Tester_2724,Cluster3,1.0198853082517212
Inbred_1368,Cluster8,Tester_5307,Cluster5,1.00535783123021
Inbred_1368,Cluster8,Tester_5421,Cluster3,0.994949213212564
Inbred_1369,Cluster7,Tester_4473,Cluster5,1.0464174808170101
Inbred_1369,Cluster7,Tester_5433,Cluster1,1.0311348597811276
Inbred_1369,Cluster7,Tester_5574,Cluster1,1.0359054677436885
Inbred_1370,Cluster8,Tester_5307,Cluster5,0.9894436144028661
Inbred_1371,Cluster8,Tester_4473,Cluster5,1.0553968819025434
Inbred_1371,Cluster8,Tester_5558,Cluster1,1.0285501523640987
Inbred_1376,Cluster3,Tester_3573,Cluster7,1.0607094859073802
Inbred_1376,Cluster3,Tester_4495,Cluster2,1.0739133818769226
Inbred_1376,Cluster3,Tester_4538,Cluster7,1.1003283099376526
Inbred_1376,Cluster3,Tester_5386,Cluster8,1.0272774065538497
Inbred_1377,Cluster1,Tester_5508,Cluster8,1.0196240625136754
Inbred_1378,Cluster5,Tester_5527,Cluster17,1.0252449807334907
Inbred_1378,Cluster5,Tester_5535,Cluster7,1.0476612402927075
Inbred_1378,Cluster5,Tester_7437,Cluster17,0.9828356231046478
Inbred_1379,Cluster1,Tester_5542,Cluster17,0.9881573610523556
Inbred_1380,Cluster1,Tester_3521,Cluster7,1.0332481455179792
Inbred_1381,Cluster5,Tester_5468,Cluster17,0.985839176434611
Inbred_1381,Cluster5,Tester_5524,Cluster8,1.0081417760188645
Inbred_1381,Cluster5,Tester_5545,Cluster17,0.9831469723242747
Inbred_1387,Cluster5,Tester_3567,Cluster8,0.9917190342891273
Inbred_1387,Cluster5,Tester_3577,Cluster8,0.9620950476991319
Inbred_1387,Cluster5,Tester_5364,Cluster7,1.0401267042770428
Inbred_1389,Cluster1,Tester_6320,Cluster7,1.0126695192556319
Inbred_1389,Cluster1,Tester_6902,Cluster8,1.0726253754638673
Inbred_1389,Cluster1,Tester_6913,Cluster17,1.033850514312875
Inbred_1391,Cluster1,Tester_3521,Cluster7,1.0227214204609374
Inbred_1391,Cluster1,Tester_3573,Cluster7,1.0323322292118398
Inbred_1391,Cluster1,Tester_5364,Cluster7,1.0512494702467423
Inbred_1393,Cluster1,Tester_3577,Cluster8,1.0003070479735092
Inbred_1397,Cluster4,Tester_3507,Cluster8,0.9609696698285126
Inbred_1397,Cluster4,Tester_3521,Cluster7,0.9783899513254952
Inbred_1397,Cluster4,Tester_5240,Cluster8,0.942635423278674
Inbred_1398,Cluster1,Tester_5323,Cluster7,1.035370514968053
Inbred_1399,Cluster1,Tester_3577,Cluster8,0.9680342911064469
Inbred_1400,Cluster1,Tester_4217,Cluster10,1.031432992148021
Inbred_1400,Cluster1,Tester_4301,Cluster17,1.0323040071256195
Inbred_1400,Cluster1,Tester_4320,Cluster8,1.0423638463206004
Inbred_1400,Cluster1,Tester_4321,Cluster17,0.9969957257556082
Inbred_1400,Cluster1,Tester_4495,Cluster2,1.0279784346218295
Inbred_1403,Cluster1,Tester_5386,Cluster8,0.9890542414055326
Inbred_1406,Cluster3,Tester_5508,Cluster8,1.0368879486319218
Inbred_1407,Cluster3,Tester_5526,Cluster17,1.0577003160422052
Inbred_1408,Cluster3,Tester_3573,Cluster7,1.0100163528772133
Inbred_1408,Cluster3,Tester_4217,Cluster10,1.0268361556785446
Inbred_1408,Cluster3,Tester_4327,Cluster17,1.0255236028981736
Inbred_1408,Cluster3,Tester_5523,Cluster17,0.9962495687688439
Inbred_1408,Cluster3,Tester_5524,Cluster8,1.0276142288043453
Inbred_1408,Cluster3,Tester_5526,Cluster17,1.007820684666984
Inbred_1409,Cluster4,Tester_3567,Cluster8,0.9786500066767918
Inbred_1410,Cluster4,Tester_3521,Cluster7,0.9869854264115446
Inbred_1410,Cluster4,Tester_5526,Cluster17,0.9945146407524799
Inbred_1412,Cluster3,Tester_4217,Cluster10,1.0335198400862966
Inbred_1412,Cluster3,Tester_5375,Cluster17,1.0181260339386626
Inbred_1413,Cluster3,Tester_3504,Cluster7,0.978542146358305
Inbred_1414,Cluster3,Tester_5372,Cluster7,1.0239242092392125
Inbred_142,Cluster11,Tester_4213,Cluster12,1.0481011889066314
Inbred_149,Cluster17,Tester_4238,Cluster11,0.9646451431062718
Inbred_149,Cluster17,Tester_4541,Cluster4,0.987843840482784
Inbred_2018,Cluster7,Tester_4364,Cluster4,0.9789506845422096
Inbred_2018,Cluster7,Tester_4373,Cluster3,1.0186739908394642
Inbred_2018,Cluster7,Tester_5450,Cluster5,1.052336048327839
Inbred_2023,Cluster8,Tester_4353,Cluster11,0.9758568183849505
Inbred_2036,Cluster8,Tester_4356,Cluster4,1.0047014534894314
Inbred_2036,Cluster8,Tester_4373,Cluster3,1.0159414316601962
Inbred_2036,Cluster8,Tester_5404,Cluster4,1.022914722188135
Inbred_2042,Cluster7,Tester_4360,Cluster4,0.9548163332791202
Inbred_2049,Cluster8,Tester_4360,Cluster4,0.9586715439203605
Inbred_2049,Cluster8,Tester_4368,Cluster4,0.9381931541415943
Inbred_2049,Cluster8,Tester_5587,Cluster5,0.9507957012114329
Inbred_2064,Cluster17,Tester_5409,Cluster6,0.9895966671986746
Inbred_2066,Cluster10,Tester_4353,Cluster11,0.9380477685646059
Inbred_2066,Cluster10,Tester_4367,Cluster6,0.9741600855974888
Inbred_2076,Cluster17,Tester_3791,Cluster11,0.9579105662380268
Inbred_2076,Cluster17,Tester_4385,Cluster1,0.9396463743388956
Inbred_2076,Cluster17,Tester_5593,Cluster5,1.0113201283563935
Inbred_2078,Cluster17,Tester_5435,Cluster1,1.0430341862986174
Inbred_2081,Cluster17,Tester_5404,Cluster4,1.0104009657761555
Inbred_2083,Cluster17,Tester_5559,Cluster3,0.984512532729591
Inbred_2088,Cluster17,Tester_5559,Cluster3,0.9728617622286144
Inbred_2091,Cluster10,Tester_4356,Cluster4,0.9049511911421229
Inbred_2091,Cluster10,Tester_4373,Cluster3,0.9160792899769125
Inbred_2096,Cluster8,Tester_4353,Cluster11,0.9494268604813643
Inbred_2097,Cluster8,Tester_4238,Cluster11,0.9645512852726975
Inbred_2097,Cluster8,Tester_4360,Cluster4,0.9678266843960541
Inbred_2097,Cluster8,Tester_5419,Cluster4,0.9633725048021828
Inbred_2097,Cluster8,Tester_5587,Cluster5,0.9590640098303284
Inbred_2098,Cluster10,Tester_5495,Cluster5,0.967757363898197
Inbred_2099,Cluster10,Tester_4373,Cluster3,0.9890808896184963
Inbred_2099,Cluster10,Tester_5305,Cluster4,1.0009433553804734
Inbred_2099,Cluster10,Tester_5404,Cluster4,0.9967655640343434
Inbred_2100,Cluster11,Tester_3521,Cluster7,1.0104472377904365
Inbred_2103,Cluster3,Tester_3567,Cluster8,0.9851526270712491
Inbred_2106,Cluster4,Tester_4210,Cluster10,0.9030187141921482
Inbred_2128,Cluster4,Tester_4321,Cluster17,0.9887502078500674
Inbred_2128,Cluster4,Tester_5368,Cluster8,1.0108973534695431
Inbred_2130,Cluster7,Tester_4384,Cluster1,0.9384680322862248
Inbred_2134,Cluster17,Tester_4505,Cluster1,0.9923684252559778
Inbred_2173,Cluster5,Tester_3582,Cluster8,0.9622907885949816
Inbred_2244,Cluster4,Tester_4494,Cluster10,0.9347830988651658
Inbred_2245,Cluster4,Tester_4321,Cluster17,0.9278564360779414
Inbred_2245,Cluster4,Tester_5368,Cluster8,0.950402923834043
Inbred_2263,Cluster4,Tester_5368,Cluster8,0.9933594803563452
Inbred_2284,Cluster3,Tester_5364,Cluster7,1.0593624497313547
Inbred_2284,Cluster3,Tester_5372,Cluster7,1.0506815094696595
Inbred_2295,Cluster11,Tester_4320,Cluster8,1.0270877101456257
Inbred_2301,Cluster10,Tester_4269,Cluster5,1.0151520019241165
Inbred_2301,Cluster10,Tester_5404,Cluster4,1.0066369763561902
Inbred_2301,Cluster10,Tester_5435,Cluster1,1.005899945680386
Inbred_2327,Cluster10,Tester_5305,Cluster4,1.025761336009773
Inbred_2376,Cluster17,Tester_5404,Cluster4,1.0378843157986473
Inbred_2623,Cluster8,Tester_2747,Cluster4,0.9504721251681374
Inbred_2623,Cluster8,Tester_4348,Cluster6,0.985850242715226
Inbred_2623,Cluster8,Tester_4360,Cluster4,0.9621555599550142
Inbred_2623,Cluster8,Tester_5281,Cluster11,0.9640028174072378
Inbred_2623,Cluster8,Tester_5316,Cluster5,0.9759580064888579
Inbred_2624,Cluster17,Tester_5305,Cluster4,1.0097988936635274
Inbred_2624,Cluster17,Tester_5435,Cluster1,1.00393674605189
Inbred_2626,Cluster5,Tester_5345,Cluster8,1.035984695317564
Inbred_2626,Cluster5,Tester_5364,Cluster7,1.0161847158462145
Inbred_2633,Cluster5,Tester_4320,Cluster8,1.068366870333772
Inbred_2634,Cluster5,Tester_5364,Cluster7,1.0354458314903865
Inbred_2635,Cluster5,Tester_4210,Cluster10,0.9682862372094688
Inbred_2635,Cluster5,Tester_5368,Cluster8,1.0255282427887158
Inbred_2635,Cluster5,Tester_6290,Cluster8,1.0209936044524108
Inbred_2636,Cluster4,Tester_4306,Cluster17,0.9145565567901772
Inbred_2636,Cluster4,Tester_5372,Cluster7,0.967260267309256
Inbred_2636,Cluster4,Tester_5382,Cluster17,0.9380017961456818
Inbred_2636,Cluster4,Tester_5545,Cluster17,0.9486896043299384
Inbred_2641,Cluster5,Tester_4500,Cluster8,0.9764897369085292
Inbred_2641,Cluster5,Tester_6355,Cluster8,0.9676661733787116
Inbred_2648,Cluster5,Tester_6897,Cluster17,1.0267557827118936
Inbred_2649,Cluster5,Tester_3582,Cluster8,0.9510739827018259
Inbred_2650,Cluster5,Tester_4306,Cluster17,0.9347220727267959
Inbred_2651,Cluster5,Tester_2689,Cluster17,1.00365281414828
Inbred_2651,Cluster5,Tester_4306,Cluster17,0.9372286013636003
Inbred_2651,Cluster5,Tester_5364,Cluster7,0.9986479248013154
Inbred_2652,Cluster1,Tester_5360,Cluster17,0.972752131569655
Inbred_2652,Cluster1,Tester_6417,Cluster17,0.9769446985331263
Inbred_2653,Cluster1,Tester_3504,Cluster7,0.9573547850434637
Inbred_2653,Cluster1,Tester_3573,Cluster7,0.9921552561852545
Inbred_2653,Cluster1,Tester_4321,Cluster17,0.9743300478840652
Inbred_2653,Cluster1,Tester_5249,Cluster8,1.011183830222479
Inbred_2653,Cluster1,Tester_5369,Cluster8,1.008271933862241
Inbred_2653,Cluster1,Tester_5386,Cluster8,0.9582887328749022
Inbred_2653,Cluster1,Tester_5511,Cluster7,1.0006258786995355
Inbred_2654,Cluster1,Tester_3504,Cluster7,0.9697562685982226
Inbred_2654,Cluster1,Tester_3577,Cluster8,0.9456987050748671
Inbred_2654,Cluster1,Tester_4304,Cluster17,1.005427359806508
Inbred_2654,Cluster1,Tester_4308,Cluster17,0.9822236162471376
Inbred_2654,Cluster1,Tester_5369,Cluster8,1.0200737772365343
Inbred_2654,Cluster1,Tester_6206,Cluster17,0.9911556851235227
Inbred_2655,Cluster1,Tester_2683,Cluster8,0.9292450873506755
Inbred_2655,Cluster1,Tester_5219,Cluster7,0.9688782178538156
Inbred_2655,Cluster1,Tester_6224,Cluster17,0.9505736308950081
Inbred_2656,Cluster10,Tester_4370,Cluster3,1.0476273626574697
Inbred_2658,Cluster7,Tester_2721,Cluster1,0.9953497678229384
Inbred_2658,Cluster7,Tester_4361,Cluster11,0.9577946962187965
Inbred_2658,Cluster7,Tester_6381,Cluster3,0.9862074524505691
Inbred_2659,Cluster8,Tester_4269,Cluster5,1.0084223040065954
Inbred_2659,Cluster8,Tester_4348,Cluster6,1.0067313694365116
Inbred_2659,Cluster8,Tester_4356,Cluster4,0.9822790904341703
Inbred_2659,Cluster8,Tester_4360,Cluster4,0.9832339671086054
Inbred_2659,Cluster8,Tester_4361,Cluster11,0.9564938723176332
Inbred_2659,Cluster8,Tester_5573,Cluster1,0.992266712578478
Inbred_2660,Cluster17,Tester_4368,Cluster4,0.9737727193897581
Inbred_2661,Cluster17,Tester_2736,Cluster1,1.0059721644111572
Inbred_2661,Cluster17,Tester_5435,Cluster1,1.0276117528671542
Inbred_2663,Cluster8,Tester_4360,Cluster4,0.9983563434680514
Inbred_2664,Cluster8,Tester_2724,Cluster3,0.9879265820423833
Inbred_2664,Cluster8,Tester_4373,Cluster3,0.9926684466404972
Inbred_2664,Cluster8,Tester_4383,Cluster1,1.0014756438696295
Inbred_2664,Cluster8,Tester_5409,Cluster6,0.9755061315083633
Inbred_2669,Cluster8,Tester_5587,Cluster5,0.9728876185352897
Inbred_2671,Cluster10,Tester_5301,Cluster5,0.9427879084151712
Inbred_2671,Cluster10,Tester_5587,Cluster5,0.9413719429282756
Inbred_2675,Cluster10,Tester_5435,Cluster1,0.9994493282945
Inbred_2675,Cluster10,Tester_5593,Cluster5,1.0166559714119754
Inbred_2676,Cluster10,Tester_4360,Cluster4,0.9316365213884558
Inbred_2676,Cluster10,Tester_5316,Cluster5,0.9445133565968555
Inbred_2677,Cluster17,Tester_5440,Cluster1,1.0162516787222593
Inbred_2680,Cluster17,Tester_6381,Cluster3,1.0253501211432947
Inbred_2681,Cluster10,Tester_4360,Cluster4,0.9675145726513205
Inbred_2681,Cluster10,Tester_4383,Cluster1,0.9869516245952924
Inbred_2681,Cluster10,Tester_4392,Cluster1,0.9651239561835774
Inbred_2682,Cluster7,Tester_4361,Cluster11,0.9729751970508158
Inbred_2682,Cluster7,Tester_4364,Cluster4,0.9699052998754787
Inbred_2682,Cluster7,Tester_4373,Cluster3,1.0096493496651602
Inbred_2682,Cluster7,Tester_4387,Cluster3,1.0096343386777133
Inbred_2682,Cluster7,Tester_5262,Cluster11,0.98436202552001
Inbred_2682,Cluster7,Tester_5404,Cluster4,1.016931568294088
Inbred_2682,Cluster7,Tester_6381,Cluster3,1.0014821016939741
Inbred_2683,Cluster8,Tester_4269,Cluster5,1.0142431330950374
Inbred_2684,Cluster17,Tester_2721,Cluster1,1.0123445050767368
Inbred_2684,Cluster17,Tester_2736,Cluster1,0.9955874630748472
Inbred_2684,Cluster17,Tester_4267,Cluster5,1.0238119016742595
Inbred_2684,Cluster17,Tester_4269,Cluster5,1.0264539413097638
Inbred_2684,Cluster17,Tester_5318,Cluster5,1.0159863753963976
Inbred_2685,Cluster17,Tester_4354,Cluster4,1.0041494848698438
Inbred_2685,Cluster17,Tester_4356,Cluster4,1.0143105605205485
Inbred_2685,Cluster17,Tester_4540,Cluster4,1.0055253741167427
Inbred_2685,Cluster17,Tester_5300,Cluster3,1.0352352526272401
Inbred_2685,Cluster17,Tester_5305,Cluster4,1.0370309367762323
Inbred_2685,Cluster17,Tester_5433,Cluster1,1.0219774921984175
Inbred_2686,Cluster7,Tester_4269,Cluster5,1.0181575894112331
Inbred_2686,Cluster7,Tester_5593,Cluster5,1.0261279835423955
Inbred_2687,Cluster17,Tester_4246,Cluster4,1.0356610213981585
Inbred_2687,Cluster17,Tester_4250,Cluster11,1.0312072012319657
Inbred_2687,Cluster17,Tester_4353,Cluster11,0.9872177426524793
Inbred_2687,Cluster17,Tester_4361,Cluster11,0.9946766096080694
Inbred_2688,Cluster17,Tester_4353,Cluster11,0.9731281759112143
Inbred_2688,Cluster17,Tester_4367,Cluster6,1.0096919665231292
Inbred_2688,Cluster17,Tester_5262,Cluster11,0.9919528104146578
Inbred_2689,Cluster17,Tester_2747,Cluster4,0.9983779003835425
Inbred_2689,Cluster17,Tester_4270,Cluster5,0.9997376295837751
Inbred_2689,Cluster17,Tester_4364,Cluster4,0.9802154297442304
Inbred_2689,Cluster17,Tester_4393,Cluster1,1.0432811871660872
Inbred_2689,Cluster17,Tester_5281,Cluster11,1.0110621578436982
Inbred_2689,Cluster17,Tester_6391,Cluster3,1.0550555654222038
Inbred_2689,Cluster17,Tester_7616,Cluster4,0.9547315158174517
Inbred_2689,Cluster17,Tester_8047,Cluster3,1.0030943712329266
Inbred_2690,Cluster8,Tester_4251,Cluster1,0.9690199898957849
Inbred_2690,Cluster8,Tester_5413,Cluster11,0.9870440315891574
Inbred_2690,Cluster8,Tester_5454,Cluster3,0.9778369964298694
Inbred_2691,Cluster8,Tester_4269,Cluster5,0.9925219922060206
Inbred_2691,Cluster8,Tester_4373,Cluster3,0.9773564291206953
Inbred_2691,Cluster8,Tester_4385,Cluster1,0.9280477182571419
Inbred_2691,Cluster8,Tester_4392,Cluster1,0.9653075460678389
Inbred_2693,Cluster8,Tester_2736,Cluster1,0.9668943818344238
Inbred_2693,Cluster8,Tester_5587,Cluster5,0.9647882044982501
Inbred_2694,Cluster17,Tester_4269,Cluster5,1.0353162720753712
Inbred_2694,Cluster17,Tester_4361,Cluster11,0.9833621874239175
Inbred_2694,Cluster17,Tester_4541,Cluster4,1.0297118171199304
Inbred_2694,Cluster17,Tester_5436,Cluster1,1.0072641830654678
Inbred_2695,Cluster17,Tester_5587,Cluster5,1.0205176326618695
Inbred_2700,Cluster3,Tester_4306,Cluster17,1.0376563413742443
Inbred_2700,Cluster3,Tester_4321,Cluster17,1.0624257803562545
Inbred_2707,Cluster4,Tester_4304,Cluster17,1.012812646133096
Inbred_2707,Cluster4,Tester_4320,Cluster8,1.039484488342126
Inbred_2707,Cluster4,Tester_4321,Cluster17,0.9950837575399085
Inbred_2707,Cluster4,Tester_5369,Cluster8,1.0283647249767354
Inbred_2707,Cluster4,Tester_5372,Cluster7,1.023174642188438
Inbred_2708,Cluster4,Tester_4210,Cluster10,0.9599840187208081
Inbred_2708,Cluster4,Tester_4306,Cluster17,0.9711569678079074
Inbred_2708,Cluster4,Tester_5372,Cluster7,1.0237672610133017
Inbred_2710,Cluster4,Tester_4306,Cluster17,0.9525190837169529
Inbred_2711,Cluster3,Tester_4210,Cluster10,0.9453273206807417
Inbred_2713,Cluster4,Tester_5368,Cluster8,1.0029717561403435
Inbred_2714,Cluster4,Tester_3582,Cluster8,0.9443679667267014
Inbred_2714,Cluster4,Tester_4495,Cluster2,0.9869545174749159
Inbred_2714,Cluster4,Tester_5372,Cluster7,0.9837948807285922
Inbred_2715,Cluster4,Tester_4213,Cluster12,0.9887110494231269
Inbred_2716,Cluster4,Tester_3521,Cluster7,0.9580380492632062
Inbred_2716,Cluster4,Tester_4494,Cluster10,0.9669020339634669
Inbred_2720,Cluster5,Tester_4308,Cluster17,0.9982237557851703
Inbred_2720,Cluster5,Tester_4495,Cluster2,1.0349261371343108
Inbred_2720,Cluster5,Tester_6224,Cluster17,1.0274297277679112
Inbred_2721,Cluster1,Tester_4207,Cluster17,1.0478072199269781
Inbred_2721,Cluster1,Tester_4281,Cluster8,0.9733007092156744
Inbred_2721,Cluster1,Tester_4308,Cluster17,0.9820976925014453
Inbred_2722,Cluster1,Tester_4306,Cluster17,0.9861606817135862
Inbred_2722,Cluster1,Tester_5368,Cluster8,1.0335366691536756
Inbred_2722,Cluster1,Tester_5386,Cluster8,0.9952308504651117
Inbred_2722,Cluster1,Tester_6287,Cluster8,1.0334301273492847
Inbred_2724,Cluster3,Tester_3582,Cluster8,0.9715438941664764
Inbred_2724,Cluster3,Tester_4313,Cluster17,1.0091730189584223
Inbred_2724,Cluster3,Tester_5225,Cluster8,0.9966491382306818
Inbred_2724,Cluster3,Tester_5357,Cluster17,0.9879326266807205
Inbred_2724,Cluster3,Tester_5370,Cluster17,0.9645315791583937
Inbred_2724,Cluster3,Tester_5372,Cluster7,1.0110976126701663
Inbred_2724,Cluster3,Tester_5526,Cluster17,0.997946859552665
Inbred_2724,Cluster3,Tester_5527,Cluster17,1.0054287113611147
Inbred_2724,Cluster3,Tester_6287,Cluster8,1.004830966076911
Inbred_2725,Cluster1,Tester_4321,Cluster17,1.0247896088430466
Inbred_2725,Cluster1,Tester_4329,Cluster8,1.0332059389099078
Inbred_2727,Cluster5,Tester_6224,Cluster17,1.0095418992923115
Inbred_2729,Cluster1,Tester_4320,Cluster8,1.060528519539793
Inbred_2730,Cluster5,Tester_3567,Cluster8,1.0198069767452118
Inbred_2734,Cluster4,Tester_5524,Cluster8,1.0127319131616894
Inbred_2735,Cluster3,Tester_3504,Cluster7,0.9175018675727874
Inbred_2735,Cluster3,Tester_5364,Cluster7,0.9717371080249799
Inbred_2735,Cluster3,Tester_5380,Cluster17,0.920091608177716
Inbred_2735,Cluster3,Tester_6206,Cluster17,0.9392397212654678
Inbred_2736,Cluster1,Tester_5368,Cluster8,1.0158137023427012
Inbred_2736,Cluster1,Tester_5369,Cluster8,1.0273158702325993
Inbred_2736,Cluster1,Tester_6293,Cluster8,1.002222260393651
Inbred_2736,Cluster1,Tester_6328,Cluster17,1.0130294601192198
Inbred_2736,Cluster1,Tester_6902,Cluster8,1.0437369392038665
Inbred_2737,Cluster10,Tester_4269,Cluster5,1.0589984377095878
Inbred_2737,Cluster10,Tester_6381,Cluster3,1.035298317381799
Inbred_2738,Cluster10,Tester_4359,Cluster4,0.998569138280369
Inbred_2738,Cluster10,Tester_5435,Cluster1,1.0250813659822278
Inbred_2739,Cluster10,Tester_4264,Cluster1,1.0227384771382517
Inbred_2739,Cluster10,Tester_4360,Cluster4,1.0176423446327258
Inbred_2740,Cluster17,Tester_4270,Cluster5,0.9942902962458152
Inbred_2740,Cluster17,Tester_5435,Cluster1,1.0201879467431407
Inbred_2741,Cluster17,Tester_4368,Cluster4,0.964192313133107
Inbred_2741,Cluster17,Tester_5305,Cluster4,1.0061654541563185
Inbred_2742,Cluster10,Tester_4359,Cluster4,1.0065590039361758
Inbred_2742,Cluster10,Tester_4360,Cluster4,1.0164536885258137
Inbred_2746,Cluster3,Tester_4538,Cluster7,1.042683554508305
Inbred_2746,Cluster3,Tester_5539,Cluster7,0.9888226524357804
Inbred_2747,Cluster4,Tester_4083,Cluster10,1.003371396427553
Inbred_2747,Cluster4,Tester_5245,Cluster17,0.9988321549979483
Inbred_2747,Cluster4,Tester_5377,Cluster8,1.0069470338135773
Inbred_2747,Cluster4,Tester_5523,Cluster17,0.9919996373534103
Inbred_2747,Cluster4,Tester_6201,Cluster17,1.006228471412475
Inbred_2747,Cluster4,Tester_6875,Cluster17,0.9920345797156542
Inbred_2747,Cluster4,Tester_8035,Cluster17,1.0247974005669591
Inbred_2747,Cluster4,Tester_8199,Cluster10,1.011442975735006
Inbred_2773,Cluster5,Tester_3565,Cluster8,0.9954557142329353
Inbred_2879,Cluster10,Tester_4540,Cluster4,1.0134347734433744
Inbred_2935,Cluster11,Tester_4213,Cluster12,1.013216684170129
Inbred_3382,Cluster10,Tester_4262,Cluster4,0.9700626951824799
Inbred_3387,Cluster10,Tester_4097,Cluster6,0.9863954334671844
Inbred_3387,Cluster10,Tester_4115,Cluster6,1.0270606547452616
Inbred_3387,Cluster10,Tester_4262,Cluster4,0.9993754756360622
Inbred_3393,Cluster8,Tester_4262,Cluster4,1.019978717451472
Inbred_3397,Cluster17,Tester_4067,Cluster4,0.9962371518475472
Inbred_3397,Cluster17,Tester_4341,Cluster11,1.017295359537032
Inbred_3400,Cluster17,Tester_4358,Cluster11,0.968343314140433
Inbred_3401,Cluster17,Tester_4146,Cluster11,1.0154812630378853
Inbred_3401,Cluster17,Tester_4152,Cluster11,1.0140121520686112
Inbred_3401,Cluster17,Tester_4163,Cluster11,1.030648422312724
Inbred_3401,Cluster17,Tester_4359,Cluster4,1.0156498008655275
Inbred_3401,Cluster17,Tester_4361,Cluster11,0.9989127788522449
Inbred_3402,Cluster17,Tester_4131,Cluster11,0.9515355952825388
Inbred_3403,Cluster8,Tester_3791,Cluster11,0.9665713522701402
Inbred_3403,Cluster8,Tester_4155,Cluster11,0.9724797364862048
Inbred_3403,Cluster8,Tester_4540,Cluster4,0.9759120793411049
Inbred_3404,Cluster8,Tester_4348,Cluster6,1.0118352763585279
Inbred_3409,Cluster8,Tester_3484,Cluster5,1.0296775260713193
Inbred_3409,Cluster8,Tester_4540,Cluster4,1.0004423588177886
Inbred_3413,Cluster8,Tester_3484,Cluster5,0.9814874286453582
Inbred_3413,Cluster8,Tester_5311,Cluster1,0.9675655892617638
Inbred_3428,Cluster11,Tester_4283,Cluster17,1.0438245934638193
Inbred_3439,Cluster11,Tester_4278,Cluster8,1.0066982106045574
Inbred_3440,Cluster4,Tester_4083,Cluster10,0.9976809065218069
Inbred_3440,Cluster4,Tester_4301,Cluster17,1.017847763364851
Inbred_3442,Cluster11,Tester_4207,Cluster17,1.067199143997374
Inbred_3446,Cluster4,Tester_5220,Cluster17,1.0320188296860584
Inbred_3449,Cluster11,Tester_5368,Cluster8,1.0161660252017437
Inbred_3461,Cluster5,Tester_4307,Cluster17,1.0072157775659663
Inbred_3461,Cluster5,Tester_4309,Cluster17,1.0091657100496798
Inbred_3461,Cluster5,Tester_5364,Cluster7,1.0393724215395796
Inbred_3461,Cluster5,Tester_5370,Cluster17,0.9849197038445086
Inbred_3492,Cluster8,Tester_4102,Cluster11,0.9509062537795379
Inbred_3494,Cluster17,Tester_4102,Cluster11,0.9464987105116676
Inbred_3495,Cluster8,Tester_5435,Cluster1,0.9772758351395823
Inbred_3504,Cluster7,Tester_5435,Cluster1,1.021069395881596
Inbred_3504,Cluster7,Tester_5568,Cluster5,0.9703547046838285
Inbred_3504,Cluster7,Tester_6245,Cluster5,1.0211780417975196
Inbred_3505,Cluster8,Tester_5578,Cluster3,0.9792426769750672
Inbred_3505,Cluster8,Tester_7636,Cluster1,0.9274276374457188
Inbred_3517,Cluster8,Tester_5276,Cluster4,1.0226774227174127
Inbred_3521,Cluster7,Tester_4367,Cluster6,1.0002392324492475
Inbred_3521,Cluster7,Tester_5281,Cluster11,0.9999774024045256
Inbred_3521,Cluster7,Tester_5284,Cluster1,0.9875851229879475
Inbred_3521,Cluster7,Tester_5419,Cluster4,0.99417138357899
Inbred_3521,Cluster7,Tester_5450,Cluster5,1.0417574452913048
Inbred_3521,Cluster7,Tester_8059,Cluster1,0.9872603072312409
Inbred_3524,Cluster7,Tester_4370,Cluster3,1.0166738199388172
Inbred_3524,Cluster7,Tester_5435,Cluster1,0.9911137222654115
Inbred_3525,Cluster7,Tester_4238,Cluster11,0.9950443257183467
Inbred_3525,Cluster7,Tester_5300,Cluster3,1.0184585442774081
Inbred_3525,Cluster7,Tester_5441,Cluster1,0.9835947086561457
Inbred_3565,Cluster8,Tester_4062,Cluster5,0.9898770373136553
Inbred_3565,Cluster8,Tester_5198,Cluster5,0.988467288937375
Inbred_3565,Cluster8,Tester_5307,Cluster5,0.9892261251833684
Inbred_3567,Cluster8,Tester_5264,Cluster4,0.9821415936121043
Inbred_3567,Cluster8,Tester_5278,Cluster4,0.9954762138077945
Inbred_3567,Cluster8,Tester_5424,Cluster5,0.9805626274956479
Inbred_3567,Cluster8,Tester_6234,Cluster3,0.9893553347578687
Inbred_3567,Cluster8,Tester_8059,Cluster1,0.9623955188926644
Inbred_3569,Cluster17,Tester_4577,Cluster1,0.9508315405468776
Inbred_3569,Cluster17,Tester_5284,Cluster1,0.9494320996116531
Inbred_3573,Cluster7,Tester_4269,Cluster5,1.018789333996183
Inbred_3573,Cluster7,Tester_4392,Cluster1,0.9906422182293738
Inbred_3573,Cluster7,Tester_6866,Cluster5,1.0160695806520357
Inbred_3576,Cluster17,Tester_5195,Cluster3,0.953824150512371
Inbred_3576,Cluster17,Tester_5278,Cluster4,0.9916557809158063
Inbred_3577,Cluster8,Tester_4250,Cluster11,0.9686166969674552
Inbred_3577,Cluster8,Tester_4361,Cluster11,0.9317909658208516
Inbred_3577,Cluster8,Tester_4509,Cluster5,0.9466297255266963
Inbred_3577,Cluster8,Tester_5268,Cluster4,0.9700463120473019
Inbred_3577,Cluster8,Tester_5289,Cluster3,0.9821524635986207
Inbred_3577,Cluster8,Tester_5441,Cluster1,0.9430184201704401
Inbred_3577,Cluster8,Tester_5444,Cluster3,0.9281615999396154
Inbred_3577,Cluster8,Tester_6236,Cluster5,0.9395577637769926
Inbred_3577,Cluster8,Tester_7050,Cluster3,0.9719608848069906
Inbred_3578,Cluster8,Tester_4341,Cluster11,0.9864122436903116
Inbred_3578,Cluster8,Tester_4364,Cluster4,0.9540699560149893
Inbred_3578,Cluster8,Tester_5199,Cluster5,1.0023860651927508
Inbred_3578,Cluster8,Tester_5202,Cluster5,0.9570170570063518
Inbred_3578,Cluster8,Tester_5277,Cluster4,1.002098332819031
Inbred_3579,Cluster17,Tester_5447,Cluster4,0.9970203074324532
Inbred_3579,Cluster17,Tester_6375,Cluster3,0.9903432810750155
Inbred_3579,Cluster17,Tester_6919,Cluster3,1.05082715227732
Inbred_3579,Cluster17,Tester_7984,Cluster3,1.0422338143305543
Inbred_3579,Cluster17,Tester_8250,Cluster3,0.9900732782603215
Inbred_3582,Cluster8,Tester_5287,Cluster1,1.0159418991257785
Inbred_3582,Cluster8,Tester_6373,Cluster1,0.9785063374928601
Inbred_3585,Cluster10,Tester_8059,Cluster1,0.9725865483395816
Inbred_3791,Cluster11,Tester_4217,Cluster10,0.9923561649746344
Inbred_3791,Cluster11,Tester_4288,Cluster10,0.9571077995788732
Inbred_3791,Cluster11,Tester_5364,Cluster7,0.9942134826733777
Inbred_3796,Cluster11,Tester_4025,Cluster10,0.9931421377118693
Inbred_3814,Cluster11,Tester_4279,Cluster7,1.0162928850017816
Inbred_3879,Cluster17,Tester_5495,Cluster5,0.9681735646714753
Inbred_3911,Cluster14,Tester_5404,Cluster4,1.0072459776795106
Inbred_3995,Cluster17,Tester_5422,Cluster3,1.0169983122674964
Inbred_3995,Cluster17,Tester_5433,Cluster1,1.0200785679475337
Inbred_3995,Cluster17,Tester_5435,Cluster1,1.0294058271362239
Inbred_4025,Cluster10,Tester_4358,Cluster11,0.9899155231017374
Inbred_4029,Cluster10,Tester_4262,Cluster4,0.9997320887582138
Inbred_4029,Cluster10,Tester_4358,Cluster11,0.9615142913292161
Inbred_4029,Cluster10,Tester_5435,Cluster1,1.016578065778675
Inbred_4044,Cluster8,Tester_4131,Cluster11,0.9955563848918925
Inbred_4046,Cluster10,Tester_4155,Cluster11,0.950031807530172
Inbred_4046,Cluster10,Tester_4540,Cluster4,0.954711395974325
Inbred_4048,Cluster10,Tester_4160,Cluster4,1.0127368278312432
Inbred_4048,Cluster10,Tester_4353,Cluster11,0.9659178394761228
Inbred_4050,Cluster17,Tester_4099,Cluster6,0.9900637430034943
Inbred_4050,Cluster17,Tester_4152,Cluster11,0.9487128570703682
Inbred_4050,Cluster17,Tester_4233,Cluster11,0.9349887262443959
Inbred_4051,Cluster12,Tester_5404,Cluster4,0.9967483733499378
Inbred_4052,Cluster17,Tester_4151,Cluster11,1.0059387561110527
Inbred_4062,Cluster5,Tester_4082,Cluster17,0.9639587422244439
Inbred_4062,Cluster5,Tester_4500,Cluster8,0.9929687656107146
Inbred_4063,Cluster5,Tester_5364,Cluster7,1.005245590731011
Inbred_4065,Cluster4,Tester_4201,Cluster17,0.989663591255481
Inbred_4065,Cluster4,Tester_4217,Cluster10,1.0165458092015864
Inbred_4067,Cluster4,Tester_4283,Cluster17,0.9972324726277914
Inbred_4074,Cluster9,Tester_4313,Cluster17,1.0020592502251526
Inbred_4074,Cluster9,Tester_6302,Cluster8,1.019740194374269
Inbred_4077,Cluster17,Tester_4370,Cluster3,1.0251019516566486
Inbred_4077,Cluster17,Tester_5408,Cluster6,0.9675827622043478
Inbred_4082,Cluster17,Tester_4151,Cluster11,0.9671638396982669
Inbred_4082,Cluster17,Tester_4261,Cluster4,0.9582370199234171
Inbred_4082,Cluster17,Tester_5311,Cluster1,0.9586018896312213
Inbred_4082,Cluster17,Tester_5412,Cluster11,0.9445822886680801
Inbred_4083,Cluster10,Tester_4151,Cluster11,1.0243147019817667
Inbred_4083,Cluster10,Tester_4163,Cluster11,1.0152642016669235
Inbred_4083,Cluster10,Tester_4252,Cluster1,0.966600486754586
Inbred_4083,Cluster10,Tester_4353,Cluster11,0.97696857791178
Inbred_4083,Cluster10,Tester_4373,Cluster3,1.0199542425355677
Inbred_4083,Cluster10,Tester_5277,Cluster4,1.0287808393726368
Inbred_4083,Cluster10,Tester_5305,Cluster4,1.0320102190810467
Inbred_4083,Cluster10,Tester_5318,Cluster5,1.0255142646888011
Inbred_4083,Cluster10,Tester_5435,Cluster1,1.0261241467190645
Inbred_4083,Cluster10,Tester_5489,Cluster5,1.0205740855320462
Inbred_4083,Cluster10,Tester_5604,Cluster1,1.0458495290351508
Inbred_4099,Cluster6,Tester_4301,Cluster17,1.0383128295574784
Inbred_4099,Cluster6,Tester_5364,Cluster7,1.0397361605037365
Inbred_4115,Cluster6,Tester_4278,Cluster8,0.9700961866713531
Inbred_4115,Cluster6,Tester_4300,Cluster7,0.9634811519939968
Inbred_4115,Cluster6,Tester_4302,Cluster17,0.9853512471934591
Inbred_4116,Cluster11,Tester_4210,Cluster10,0.9328162652598243
Inbred_4116,Cluster11,Tester_4291,Cluster17,0.9816456992690781
Inbred_4118,Cluster11,Tester_4210,Cluster10,0.9493108596225517
Inbred_4118,Cluster11,Tester_4283,Cluster17,1.0359440563444178
Inbred_4131,Cluster11,Tester_4207,Cluster17,1.0208073094985501
Inbred_4149,Cluster6,Tester_4288,Cluster10,0.9540971472667593
Inbred_4149,Cluster6,Tester_4500,Cluster8,0.9697754390970323
Inbred_4152,Cluster11,Tester_4207,Cluster17,1.0001785144593418
Inbred_4152,Cluster11,Tester_4302,Cluster17,0.9816816055594053
Inbred_4152,Cluster11,Tester_4494,Cluster10,0.9567035898418109
Inbred_4160,Cluster4,Tester_4209,Cluster12,1.0111050022418338
Inbred_4160,Cluster4,Tester_4301,Cluster17,1.0237744980497663
Inbred_4160,Cluster4,Tester_4495,Cluster2,1.0202115874827735
Inbred_4160,Cluster4,Tester_5225,Cluster8,1.0033378831484836
Inbred_4160,Cluster4,Tester_5375,Cluster17,1.008411165877066
Inbred_4163,Cluster11,Tester_4301,Cluster17,0.991115110918686
Inbred_4175,Cluster14,Tester_6336,Cluster8,1.0018899582413963
Inbred_4200,Cluster17,Tester_5409,Cluster6,0.9711603399460826
Inbred_4201,Cluster17,Tester_4233,Cluster11,0.9755420097714302
Inbred_4201,Cluster17,Tester_5435,Cluster1,1.017313589676088
Inbred_4207,Cluster17,Tester_5305,Cluster4,1.0334062235028139
Inbred_4207,Cluster17,Tester_6381,Cluster3,1.013350075764052
Inbred_4209,Cluster12,Tester_5404,Cluster4,1.0064879490719543
Inbred_4210,Cluster10,Tester_4359,Cluster4,0.9622660442454279
Inbred_4210,Cluster10,Tester_4385,Cluster1,0.9345992727664105
Inbred_4210,Cluster10,Tester_4388,Cluster1,0.9786498685889792
Inbred_4210,Cluster10,Tester_5419,Cluster4,0.9690264700501642
Inbred_4210,Cluster10,Tester_5433,Cluster1,0.9800291997785131
Inbred_4210,Cluster10,Tester_5435,Cluster1,0.9892629441204042
Inbred_4215,Cluster12,Tester_5279,Cluster4,0.9394147231264295
Inbred_4217,Cluster10,Tester_5202,Cluster5,0.9654599552385958
Inbred_4217,Cluster10,Tester_5268,Cluster4,1.0050189810127566
Inbred_4217,Cluster10,Tester_6252,Cluster3,0.8711360771250725
Inbred_4217,Cluster10,Tester_7979,Cluster1,0.9886507273211363
Inbred_4217,Cluster10,Tester_8063,Cluster1,1.047561753258193
Inbred_4220,Cluster1,Tester_4329,Cluster8,0.9901725103453997
Inbred_4220,Cluster1,Tester_6348,Cluster17,1.0427791257065253
Inbred_4221,Cluster5,Tester_4321,Cluster17,0.9560428239463715
Inbred_4238,Cluster11,Tester_5344,Cluster7,0.9385081220414471
Inbred_4238,Cluster11,Tester_5369,Cluster8,0.990669669820506
Inbred_4238,Cluster11,Tester_5376,Cluster17,0.9319157741233033
Inbred_4238,Cluster11,Tester_5510,Cluster7,0.9818736894782856
Inbred_4238,Cluster11,Tester_5527,Cluster17,0.9803497780747928
Inbred_4238,Cluster11,Tester_8254,Cluster7,0.9149964482678683
Inbred_4247,Cluster11,Tester_5219,Cluster7,1.0025420911861278
Inbred_4247,Cluster11,Tester_5368,Cluster8,0.9825774825360725
Inbred_4250,Cluster11,Tester_5214,Cluster17,1.0228053067409575
Inbred_4250,Cluster11,Tester_5219,Cluster7,1.029283821802552
Inbred_4250,Cluster11,Tester_5376,Cluster17,0.9625289766956187
Inbred_4250,Cluster11,Tester_5377,Cluster8,1.0062076721197968
Inbred_4250,Cluster11,Tester_5381,Cluster17,0.9684185020197144
Inbred_4250,Cluster11,Tester_6287,Cluster8,1.009682387259969
Inbred_4250,Cluster11,Tester_6355,Cluster8,0.993860393714425
Inbred_4250,Cluster11,Tester_6417,Cluster17,1.0035613611415917
Inbred_4250,Cluster11,Tester_6902,Cluster8,1.0371994400018425
Inbred_4250,Cluster11,Tester_8006,Cluster17,1.0321558036808716
Inbred_4251,Cluster1,Tester_5377,Cluster8,1.0050702439083004
Inbred_4251,Cluster1,Tester_8021,Cluster8,0.9830781255149974
Inbred_4252,Cluster1,Tester_4306,Cluster17,0.954404929757532
Inbred_4260,Cluster5,Tester_5381,Cluster17,0.933247718776105
Inbred_4262,Cluster4,Tester_4289,Cluster10,0.9681800182071291
Inbred_4262,Cluster4,Tester_4300,Cluster7,0.9773927477657192
Inbred_4262,Cluster4,Tester_5245,Cluster17,0.967594823311617
Inbred_4262,Cluster4,Tester_5372,Cluster7,0.9851216588341211
Inbred_4262,Cluster4,Tester_5381,Cluster17,0.9383045186432648
Inbred_4262,Cluster4,Tester_6290,Cluster8,0.9741448352199014
Inbred_4262,Cluster4,Tester_6328,Cluster17,0.9754715842849286
Inbred_4264,Cluster1,Tester_4301,Cluster17,1.0302845763527855
Inbred_4264,Cluster1,Tester_4302,Cluster17,1.0368073176274288
Inbred_4264,Cluster1,Tester_4311,Cluster17,0.9769304068835132
Inbred_4264,Cluster1,Tester_5336,Cluster17,1.0093738665825134
Inbred_4264,Cluster1,Tester_5345,Cluster8,1.0513576789192665
Inbred_4264,Cluster1,Tester_5369,Cluster8,1.0279245190317403
Inbred_4264,Cluster1,Tester_5375,Cluster17,1.0138650971247782
Inbred_4264,Cluster1,Tester_5381,Cluster17,0.9758458732855736
Inbred_4264,Cluster1,Tester_5523,Cluster17,0.99881568173423
Inbred_4266,Cluster1,Tester_4321,Cluster17,0.9707391994531354
Inbred_4266,Cluster1,Tester_5370,Cluster17,0.9521085640193947
Inbred_4269,Cluster5,Tester_4301,Cluster17,1.0298509759656032
Inbred_4269,Cluster5,Tester_4320,Cluster8,1.0392733508900878
Inbred_4269,Cluster5,Tester_4494,Cluster10,1.0112827034204845
Inbred_4269,Cluster5,Tester_5232,Cluster8,1.0099088600896107
Inbred_4269,Cluster5,Tester_5344,Cluster7,0.9761561210737597
Inbred_4269,Cluster5,Tester_5364,Cluster7,1.0312539897987474
Inbred_4269,Cluster5,Tester_5370,Cluster17,0.9771736560323331
Inbred_4269,Cluster5,Tester_5375,Cluster17,1.0138749909344495
Inbred_4269,Cluster5,Tester_6290,Cluster8,1.0120475073128503
Inbred_4269,Cluster5,Tester_6891,Cluster8,1.0023749724202917
Inbred_4269,Cluster5,Tester_6892,Cluster8,1.0193414333782003
Inbred_4269,Cluster5,Tester_8014,Cluster8,1.0228239848900142
Inbred_4270,Cluster5,Tester_4321,Cluster17,0.9857873715509351
Inbred_4270,Cluster5,Tester_5364,Cluster7,1.0218855276883638
Inbred_4270,Cluster5,Tester_5368,Cluster8,1.0074571972928252
Inbred_4276,Cluster17,Tester_4376,Cluster1,0.9601543523499351
Inbred_4276,Cluster17,Tester_5450,Cluster5,1.0070964484320557
Inbred_4278,Cluster8,Tester_4359,Cluster4,0.9831268358624189
Inbred_4278,Cluster8,Tester_4364,Cluster4,0.9640731339710791
Inbred_4278,Cluster8,Tester_5317,Cluster5,1.0103806645649265
Inbred_4278,Cluster8,Tester_7984,Cluster3,1.0248122376095372
Inbred_4281,Cluster8,Tester_5264,Cluster4,0.9850003543728431
Inbred_4283,Cluster17,Tester_4341,Cluster11,1.0270151354251318
Inbred_4283,Cluster17,Tester_5301,Cluster5,1.0169283912794478
Inbred_4283,Cluster17,Tester_5305,Cluster4,1.0457311783838323
Inbred_4283,Cluster17,Tester_5409,Cluster6,1.0174836816010195
Inbred_4283,Cluster17,Tester_5483,Cluster1,1.0411153765851635
Inbred_4283,Cluster17,Tester_5568,Cluster5,0.9901845192246159
Inbred_4288,Cluster10,Tester_4369,Cluster6,0.9976280759200216
Inbred_4294,Cluster17,Tester_4373,Cluster3,0.9396675630362148
Inbred_4294,Cluster17,Tester_4473,Cluster5,0.9510994139461971
Inbred_4294,Cluster17,Tester_5263,Cluster4,0.9217951406558333
Inbred_4294,Cluster17,Tester_5402,Cluster3,0.9198765903964896
Inbred_4294,Cluster17,Tester_5424,Cluster5,0.9362430346469389
Inbred_4294,Cluster17,Tester_5439,Cluster1,0.905158806750946
Inbred_4294,Cluster17,Tester_5442,Cluster1,0.952603894019837
Inbred_4301,Cluster17,Tester_4393,Cluster1,1.038491344791736
Inbred_4301,Cluster17,Tester_5264,Cluster4,1.0133260254294811
Inbred_4301,Cluster17,Tester_5267,Cluster4,1.004795033123927
Inbred_4301,Cluster17,Tester_5278,Cluster4,1.0264008852984436
Inbred_4301,Cluster17,Tester_7992,Cluster3,1.0217240892716835
Inbred_4302,Cluster17,Tester_4373,Cluster3,1.0165788250126635
Inbred_4302,Cluster17,Tester_4540,Cluster4,0.996530633050219
Inbred_4302,Cluster17,Tester_4577,Cluster1,0.9974803424648715
Inbred_4302,Cluster17,Tester_5263,Cluster4,0.9990480508322521
Inbred_4302,Cluster17,Tester_5271,Cluster11,1.0099214693572334
Inbred_4302,Cluster17,Tester_5318,Cluster5,1.0213499019105843
Inbred_4302,Cluster17,Tester_5406,Cluster4,0.9937645389095023
Inbred_4302,Cluster17,Tester_5412,Cluster11,0.9980305655215482
Inbred_4302,Cluster17,Tester_5439,Cluster1,0.9824995212298517
Inbred_4304,Cluster17,Tester_4374,Cluster6,0.9573407095122475
Inbred_4304,Cluster17,Tester_4540,Cluster4,0.9639760276042872
Inbred_4304,Cluster17,Tester_4558,Cluster4,0.971962181408388
Inbred_4304,Cluster17,Tester_5276,Cluster4,1.0025502279311436
Inbred_4304,Cluster17,Tester_5288,Cluster4,0.9697816835918153
Inbred_4304,Cluster17,Tester_5450,Cluster5,1.017442273636309
Inbred_4305,Cluster17,Tester_4360,Cluster4,0.9779732746248443
Inbred_4305,Cluster17,Tester_4577,Cluster1,0.9682581303620802
Inbred_4305,Cluster17,Tester_5433,Cluster1,0.9847703320720163
Inbred_4306,Cluster17,Tester_4357,Cluster4,0.9807968356006304
Inbred_4306,Cluster17,Tester_4388,Cluster1,0.9866139624654283
Inbred_4306,Cluster17,Tester_5450,Cluster5,1.0234699946903734
Inbred_4307,Cluster17,Tester_4540,Cluster4,0.9755875987866568
Inbred_4311,Cluster17,Tester_5197,Cluster5,1.0440274863086652
Inbred_4318,Cluster17,Tester_4374,Cluster6,0.9790749961170755
Inbred_4318,Cluster17,Tester_5300,Cluster3,1.015521235278464
Inbred_4320,Cluster8,Tester_4360,Cluster4,0.9978497658930374
Inbred_4320,Cluster8,Tester_4383,Cluster1,1.016841630128212
Inbred_4320,Cluster8,Tester_4387,Cluster3,1.008167096142345
Inbred_4320,Cluster8,Tester_5268,Cluster4,1.0092585351515408
Inbred_4320,Cluster8,Tester_5288,Cluster4,0.993333202569509
Inbred_4320,Cluster8,Tester_5440,Cluster1,1.022865293722713
Inbred_4320,Cluster8,Tester_5482,Cluster1,1.0360443679238585
Inbred_4320,Cluster8,Tester_5569,Cluster5,0.9960206943021425
Inbred_4320,Cluster8,Tester_8064,Cluster3,0.9840511505553102
Inbred_4321,Cluster17,Tester_4383,Cluster1,1.0059790881648265
Inbred_4321,Cluster17,Tester_5291,Cluster3,0.9693788983089491
Inbred_4321,Cluster17,Tester_5420,Cluster11,0.971182749371102
Inbred_4321,Cluster17,Tester_6198,Cluster5,0.9777872259494421
Inbred_4321,Cluster17,Tester_7992,Cluster3,1.004216264574354
Inbred_4327,Cluster17,Tester_4383,Cluster1,1.0217856442553461
Inbred_4327,Cluster17,Tester_5273,Cluster4,1.0465129128902848
Inbred_4327,Cluster17,Tester_5287,Cluster1,1.0338942432400275
Inbred_4327,Cluster17,Tester_5289,Cluster3,1.0261829713579145
Inbred_4327,Cluster17,Tester_5402,Cluster3,0.9926380120106922
Inbred_4327,Cluster17,Tester_5450,Cluster5,1.046042274977422
Inbred_4327,Cluster17,Tester_5580,Cluster3,1.047533438660258
Inbred_4327,Cluster17,Tester_7615,Cluster3,0.9542318464784962
Inbred_4327,Cluster17,Tester_7616,Cluster4,0.947401892392478
Inbred_4329,Cluster8,Tester_4558,Cluster4,0.9349737774204214
Inbred_4329,Cluster8,Tester_5305,Cluster4,0.9580471833365003
Inbred_4329,Cluster8,Tester_5404,Cluster4,0.9539695546852975
Inbred_4353,Cluster11,Tester_5542,Cluster17,0.9734962406456366
Inbred_4354,Cluster4,Tester_8199,Cluster10,0.9954161473692972
Inbred_4357,Cluster4,Tester_4496,Cluster10,0.9854856891560325
Inbred_4359,Cluster4,Tester_5360,Cluster17,0.9890237226747609
Inbred_4359,Cluster4,Tester_5364,Cluster7,1.0131338527221116
Inbred_4359,Cluster4,Tester_5510,Cluster7,1.0014477521610128
Inbred_4359,Cluster4,Tester_5523,Cluster17,0.9803530744173807
Inbred_4359,Cluster4,Tester_6309,Cluster7,0.9810620956576648
Inbred_4359,Cluster4,Tester_6417,Cluster17,0.9931810191752767
Inbred_4360,Cluster4,Tester_5220,Cluster17,1.0169929244286704
Inbred_4360,Cluster4,Tester_5245,Cluster17,0.9797746220610004
Inbred_4360,Cluster4,Tester_5246,Cluster8,0.9738364763222542
Inbred_4360,Cluster4,Tester_5377,Cluster8,0.9885166444171728
Inbred_4360,Cluster4,Tester_5526,Cluster17,0.9854421199326692
Inbred_4360,Cluster4,Tester_6348,Cluster17,1.0305289947005773
Inbred_4360,Cluster4,Tester_8014,Cluster8,0.9973519535605594
Inbred_4361,Cluster11,Tester_4500,Cluster8,0.9598030139409651
Inbred_4361,Cluster11,Tester_5219,Cluster7,0.9860416464197354
Inbred_4361,Cluster11,Tester_5369,Cluster8,0.9783477588453935
Inbred_4361,Cluster11,Tester_6290,Cluster8,0.9621753129671687
Inbred_4361,Cluster11,Tester_6336,Cluster8,0.9588509998041888
Inbred_4361,Cluster11,Tester_6417,Cluster17,0.9605204183599301
Inbred_4364,Cluster4,Tester_4493,Cluster17,0.9688453409071615
Inbred_4364,Cluster4,Tester_5366,Cluster17,0.9626140348263266
Inbred_4370,Cluster3,Tester_5369,Cluster8,1.033637865133667
Inbred_4370,Cluster3,Tester_5466,Cluster17,1.0337822786615027
Inbred_4370,Cluster3,Tester_5530,Cluster7,1.018997070341832
Inbred_4373,Cluster3,Tester_5227,Cluster7,1.029861247127598
Inbred_4373,Cluster3,Tester_5322,Cluster7,1.021611653560657
Inbred_4373,Cluster3,Tester_5508,Cluster8,1.017990226230349
Inbred_4373,Cluster3,Tester_5524,Cluster8,1.032474948655003
Inbred_4373,Cluster3,Tester_6875,Cluster17,1.0011842624152782
Inbred_4376,Cluster1,Tester_5530,Cluster7,1.008913060799416
Inbred_4380,Cluster1,Tester_6890,Cluster10,1.0130780720372226
Inbred_4383,Cluster1,Tester_4538,Cluster7,1.0492159208676837
Inbred_4387,Cluster3,Tester_6314,Cluster8,1.003982279250972
Inbred_4388,Cluster1,Tester_5345,Cluster8,1.0401531950107035
Inbred_4388,Cluster1,Tester_5372,Cluster7,1.011424445742784
Inbred_4392,Cluster1,Tester_4495,Cluster2,0.9915726579197383
Inbred_4392,Cluster1,Tester_4538,Cluster7,1.017267431747759
Inbred_4392,Cluster1,Tester_5366,Cluster17,0.9647823890083441
Inbred_4392,Cluster1,Tester_5389,Cluster17,0.9804313394267307
Inbred_4392,Cluster1,Tester_5506,Cluster7,0.9422090542656041
Inbred_4392,Cluster1,Tester_5545,Cluster17,0.9703543882727687
Inbred_4392,Cluster1,Tester_6290,Cluster8,0.9778695237565332
Inbred_4393,Cluster1,Tester_5345,Cluster8,1.0802146247968518
Inbred_4393,Cluster1,Tester_5369,Cluster8,1.056639836524361
Inbred_4393,Cluster1,Tester_8205,Cluster10,1.0457677236596368
Inbred_4473,Cluster5,Tester_4500,Cluster8,1.0378071431870812
Inbred_4473,Cluster5,Tester_5231,Cluster8,0.9997448314452798
Inbred_4473,Cluster5,Tester_5360,Cluster17,1.0347819813578107
Inbred_4473,Cluster5,Tester_5508,Cluster8,1.0429771431129313
Inbred_4473,Cluster5,Tester_6913,Cluster17,1.0326611913660042
Inbred_4494,Cluster10,Tester_5283,Cluster3,0.9769707563787249
Inbred_4494,Cluster10,Tester_6391,Cluster3,1.0293905526639566
Inbred_4495,Cluster2,Tester_5305,Cluster4,1.040762723175645
Inbred_4496,Cluster10,Tester_4505,Cluster1,1.0329978408645935
Inbred_4496,Cluster10,Tester_4541,Cluster4,1.0495727543766713
Inbred_4496,Cluster10,Tester_6398,Cluster3,1.0418275151751226
Inbred_4499,Cluster7,Tester_4540,Cluster4,0.9909283867726626
Inbred_4500,Cluster8,Tester_5404,Cluster4,1.0135153969964714
Inbred_4500,Cluster8,Tester_5435,Cluster1,1.0127142151814994
Inbred_4500,Cluster8,Tester_5558,Cluster1,0.9913366311770399
Inbred_4505,Cluster1,Tester_5226,Cluster8,1.0232509484237677
Inbred_4505,Cluster1,Tester_5345,Cluster8,1.0436967057860986
Inbred_4505,Cluster1,Tester_5372,Cluster7,1.0151344898633368
Inbred_4505,Cluster1,Tester_6201,Cluster17,1.005346707774531
Inbred_4505,Cluster1,Tester_6206,Cluster17,0.991110525087706
Inbred_4505,Cluster1,Tester_6290,Cluster8,1.0048677276872489
Inbred_4505,Cluster1,Tester_6902,Cluster8,1.0369061092486347
Inbred_4505,Cluster1,Tester_7270,Cluster8,1.0071230570892815
Inbred_4505,Cluster1,Tester_7315,Cluster17,0.995126583498905
Inbred_4505,Cluster1,Tester_7326,Cluster17,0.9856078561589174
Inbred_4509,Cluster5,Tester_5368,Cluster8,1.0006465441162717
Inbred_4509,Cluster5,Tester_5377,Cluster8,0.997510606014957
Inbred_4509,Cluster5,Tester_6257,Cluster8,0.9667080887505921
Inbred_4509,Cluster5,Tester_8037,Cluster8,0.947622126847602
Inbred_4509,Cluster5,Tester_8044,Cluster8,1.0074129503289309
Inbred_4518,Cluster7,Tester_5403,Cluster3,0.9580428204494267
Inbred_4518,Cluster7,Tester_8053,Cluster1,0.972270964381408
Inbred_4532,Cluster7,Tester_5592,Cluster5,0.991947928300595
Inbred_4533,Cluster7,Tester_5402,Cluster3,0.9756845379519367
Inbred_4533,Cluster7,Tester_5568,Cluster5,0.9519327076357476
Inbred_4538,Cluster7,Tester_5300,Cluster3,1.0345234557956213
Inbred_4538,Cluster7,Tester_5301,Cluster5,1.008191389037443
Inbred_4538,Cluster7,Tester_5454,Cluster3,0.9984589686324504
Inbred_4538,Cluster7,Tester_5573,Cluster1,1.0241557097969924
Inbred_4538,Cluster7,Tester_6373,Cluster1,1.0085087546060774
Inbred_4538,Cluster7,Tester_7634,Cluster1,0.9430116268385702
Inbred_4538,Cluster7,Tester_8057,Cluster1,1.0194422462770343
Inbred_4538,Cluster7,Tester_8080,Cluster1,1.0107671459180125
Inbred_4540,Cluster4,Tester_5293,Cluster8,0.9427877037368178
Inbred_4540,Cluster4,Tester_5326,Cluster17,0.9469536635299282
Inbred_4540,Cluster4,Tester_5376,Cluster17,0.9218455796137413
Inbred_4540,Cluster4,Tester_6899,Cluster8,0.9801830708725191
Inbred_4540,Cluster4,Tester_6981,Cluster2,0.9053263124231204
Inbred_4540,Cluster4,Tester_8198,Cluster10,0.9529916624531617
Inbred_4540,Cluster4,Tester_8249,Cluster17,0.8936925942310178
Inbred_4541,Cluster4,Tester_5369,Cluster8,1.0700826736094065
Inbred_4541,Cluster4,Tester_5526,Cluster17,1.052950459107761
Inbred_4541,Cluster4,Tester_5542,Cluster17,1.0613155487152341
Inbred_4541,Cluster4,Tester_8006,Cluster17,1.0818722916429082
Inbred_4558,Cluster4,Tester_5523,Cluster17,0.9875925697525654
Inbred_4558,Cluster4,Tester_5526,Cluster17,0.9997074557065608
Inbred_4561,Cluster3,Tester_5219,Cluster7,1.015672646884594
Inbred_4561,Cluster3,Tester_5225,Cluster8,0.9876043603881883
Inbred_4561,Cluster3,Tester_5372,Cluster7,1.0021387880599508
Inbred_4561,Cluster3,Tester_5524,Cluster8,1.0091490685245192
Inbred_4561,Cluster3,Tester_5526,Cluster17,0.9898324750954569
Inbred_4561,Cluster3,Tester_6320,Cluster7,0.9641171480362652
Inbred_4561,Cluster3,Tester_8205,Cluster10,0.995886324609436
Inbred_4572,Cluster3,Tester_5357,Cluster17,0.9925655081778868
Inbred_4572,Cluster3,Tester_5360,Cluster17,0.9999315580757682
Inbred_4572,Cluster3,Tester_6328,Cluster17,1.006613545019369
Inbred_4577,Cluster1,Tester_5323,Cluster7,0.9912825495353031
Inbred_5198,Cluster5,Tester_5233,Cluster17,1.0001147801819434
Inbred_5198,Cluster5,Tester_5526,Cluster17,1.0000303241218405
Inbred_5199,Cluster5,Tester_5368,Cluster8,1.0248193376086436
Inbred_5199,Cluster5,Tester_5386,Cluster8,0.9863647165803445
Inbred_5202,Cluster5,Tester_5372,Cluster7,0.9696026520788685
Inbred_5203,Cluster5,Tester_5336,Cluster17,1.000438749878935
Inbred_5203,Cluster5,Tester_5360,Cluster17,0.9985052468772809
Inbred_5203,Cluster5,Tester_5369,Cluster8,1.0198435009660174
Inbred_5203,Cluster5,Tester_5524,Cluster8,1.0216936382809572
Inbred_5204,Cluster5,Tester_5233,Cluster17,0.9808694563677288
Inbred_5204,Cluster5,Tester_5364,Cluster7,1.00180789238201
Inbred_5207,Cluster5,Tester_5231,Cluster8,0.9504876258733164
Inbred_5207,Cluster5,Tester_5526,Cluster17,0.9886171170578507
Inbred_5209,Cluster5,Tester_5230,Cluster8,0.9548846252823712
Inbred_5209,Cluster5,Tester_5368,Cluster8,0.9989743370140729
Inbred_5211,Cluster3,Tester_5220,Cluster17,1.0651504245752383
Inbred_5211,Cluster3,Tester_5524,Cluster8,1.0531791784696092
Inbred_5214,Cluster17,Tester_5404,Cluster4,0.989733274174429
Inbred_5214,Cluster17,Tester_5444,Cluster3,0.9422945108257106
Inbred_5218,Cluster8,Tester_5281,Cluster11,0.9970707900268061
Inbred_5219,Cluster7,Tester_5404,Cluster4,1.0094017136042144
Inbred_5219,Cluster7,Tester_5405,Cluster11,0.9603337706791234
Inbred_5219,Cluster7,Tester_5409,Cluster6,0.9853780261791251
Inbred_5220,Cluster17,Tester_5263,Cluster4,1.021770499724777
Inbred_5220,Cluster17,Tester_5272,Cluster11,1.0569402567706923
Inbred_5220,Cluster17,Tester_5284,Cluster1,1.0179809003441451
Inbred_5220,Cluster17,Tester_5404,Cluster4,1.046401491946345
Inbred_5220,Cluster17,Tester_5406,Cluster4,1.0161484745665332
Inbred_5223,Cluster8,Tester_5404,Cluster4,1.004777104447244
Inbred_5223,Cluster8,Tester_5420,Cluster11,0.972184082325142
Inbred_5231,Cluster8,Tester_5287,Cluster1,0.9723207446106705
Inbred_5231,Cluster8,Tester_5483,Cluster1,0.9581123625343106
Inbred_5231,Cluster8,Tester_5604,Cluster1,0.9762997527869857
Inbred_5232,Cluster8,Tester_5307,Cluster5,0.9995062044579507
Inbred_5232,Cluster8,Tester_5318,Cluster5,1.0002065628530776
Inbred_5237,Cluster8,Tester_5301,Cluster5,0.9223943538412256
Inbred_5237,Cluster8,Tester_5495,Cluster5,0.9228229889723852
Inbred_5240,Cluster8,Tester_5305,Cluster4,0.9607073304982098
Inbred_5240,Cluster8,Tester_5495,Cluster5,0.9329949417492027
Inbred_5248,Cluster10,Tester_5404,Cluster4,0.9851070711729009
Inbred_5248,Cluster10,Tester_5420,Cluster11,0.9525770617954938
Inbred_5249,Cluster8,Tester_5559,Cluster3,0.996813207150269
Inbred_5262,Cluster11,Tester_5366,Cluster17,0.9769705617545849
Inbred_5262,Cluster11,Tester_5528,Cluster17,1.0162819862159789
Inbred_5264,Cluster4,Tester_5357,Cluster17,0.9918544264856292
Inbred_5264,Cluster4,Tester_5467,Cluster8,1.0348868554310064
Inbred_5265,Cluster4,Tester_5364,Cluster7,1.0604527881150114
Inbred_5265,Cluster4,Tester_5372,Cluster7,1.0514550992900054
Inbred_5265,Cluster4,Tester_6258,Cluster8,1.0500483765960658
Inbred_5268,Cluster4,Tester_5357,Cluster17,1.007777296049006
Inbred_5277,Cluster4,Tester_5374,Cluster17,0.9964085062066803
Inbred_5279,Cluster4,Tester_5357,Cluster17,0.9963485308342912
Inbred_5281,Cluster11,Tester_5364,Cluster7,1.0187820418671785
Inbred_5281,Cluster11,Tester_5372,Cluster7,1.0102138695996414
Inbred_5281,Cluster11,Tester_6287,Cluster8,1.004585798456341
Inbred_5283,Cluster3,Tester_5526,Cluster17,1.0073648348219428
Inbred_5284,Cluster1,Tester_6287,Cluster8,0.9749327530364318
Inbred_5289,Cluster3,Tester_5372,Cluster7,1.0142815052755163
Inbred_5300,Cluster3,Tester_6297,Cluster8,1.00343985886601
Inbred_5300,Cluster3,Tester_6301,Cluster7,0.993109701330242
Inbred_5300,Cluster3,Tester_8246,Cluster17,0.9507035017130115
Inbred_5301,Cluster5,Tester_5345,Cluster8,1.041011708004659
Inbred_5301,Cluster5,Tester_8043,Cluster8,0.9904550048329155
Inbred_5305,Cluster4,Tester_5336,Cluster17,1.035489434603232
Inbred_5305,Cluster4,Tester_5389,Cluster17,1.042328190927191
Inbred_5305,Cluster4,Tester_6201,Cluster17,1.0395805589982359
Inbred_5305,Cluster4,Tester_6257,Cluster8,1.009313527876664
Inbred_5305,Cluster4,Tester_7293,Cluster17,0.9959103005542314
Inbred_5305,Cluster4,Tester_8199,Cluster10,1.0452190803694223
Inbred_5305,Cluster4,Tester_8248,Cluster17,1.0325343075314475
Inbred_5307,Cluster5,Tester_5322,Cluster7,1.0139007436748058
Inbred_5307,Cluster5,Tester_5364,Cluster7,1.026145809414511
Inbred_5307,Cluster5,Tester_5382,Cluster17,0.9884143784186512
Inbred_5311,Cluster1,Tester_6981,Cluster2,0.9255149228961524
Inbred_5311,Cluster1,Tester_8014,Cluster8,0.9952881840026118
Inbred_5311,Cluster1,Tester_8043,Cluster8,0.9728274717820449
Inbred_5318,Cluster5,Tester_5336,Cluster17,0.997313592520351
Inbred_5318,Cluster5,Tester_5526,Cluster17,0.9989987051690788
Inbred_5318,Cluster5,Tester_5542,Cluster17,1.0075952877103658
Inbred_5318,Cluster5,Tester_5545,Cluster17,0.993380190509052
Inbred_5318,Cluster5,Tester_6298,Cluster7,0.967542906196931
Inbred_5318,Cluster5,Tester_6309,Cluster7,0.9878816245682187
Inbred_5318,Cluster5,Tester_6417,Cluster17,0.999400934206963
Inbred_5322,Cluster7,Tester_5433,Cluster1,1.0138432658966816
Inbred_5322,Cluster7,Tester_5601,Cluster3,0.970476393181164
Inbred_5323,Cluster7,Tester_5414,Cluster4,0.9490273603896842
Inbred_5323,Cluster7,Tester_5482,Cluster1,1.0217083110491867
Inbred_5323,Cluster7,Tester_8051,Cluster5,0.9934385945949751
Inbred_5325,Cluster17,Tester_5436,Cluster1,0.9843343745229781
Inbred_5325,Cluster17,Tester_5558,Cluster1,0.9815510331019033
Inbred_5335,Cluster8,Tester_5402,Cluster3,0.9722506030927633
Inbred_5336,Cluster17,Tester_5404,Cluster4,0.9905496747512678
Inbred_5336,Cluster17,Tester_5592,Cluster5,0.9713879429976305
Inbred_5344,Cluster7,Tester_5435,Cluster1,0.9934650484608024
Inbred_5345,Cluster8,Tester_5433,Cluster1,1.020753198007269
Inbred_5345,Cluster8,Tester_6243,Cluster1,0.9788388363272368
Inbred_5345,Cluster8,Tester_6375,Cluster3,0.9931140313821953
Inbred_5345,Cluster8,Tester_7634,Cluster1,0.9417491970144363
Inbred_5345,Cluster8,Tester_7636,Cluster1,0.9817930329672389
Inbred_5345,Cluster8,Tester_8053,Cluster1,0.9994981796562479
Inbred_5357,Cluster17,Tester_5433,Cluster1,0.997720265657004
Inbred_5357,Cluster17,Tester_5447,Cluster4,0.9759626887109113
Inbred_5357,Cluster17,Tester_6381,Cluster3,0.9925595674862508
Inbred_5360,Cluster17,Tester_5436,Cluster1,0.990867780790851
Inbred_5360,Cluster17,Tester_5601,Cluster3,0.9570410505332413
Inbred_5364,Cluster7,Tester_5406,Cluster4,0.9922499468389685
Inbred_5364,Cluster7,Tester_5413,Cluster11,0.9979744836457616
Inbred_5364,Cluster7,Tester_5421,Cluster3,1.0083387675914373
Inbred_5364,Cluster7,Tester_5426,Cluster3,1.0243438801274614
Inbred_5364,Cluster7,Tester_6254,Cluster1,1.0012544682784812
Inbred_5364,Cluster7,Tester_8052,Cluster1,0.9897391234815381
Inbred_5366,Cluster17,Tester_5431,Cluster4,0.976357635990826
Inbred_5366,Cluster17,Tester_5433,Cluster1,1.0047912963230614
Inbred_5368,Cluster8,Tester_5421,Cluster3,0.9939620628667363
Inbred_5368,Cluster8,Tester_6243,Cluster1,0.9557924548898993
Inbred_5368,Cluster8,Tester_6375,Cluster3,0.9694491365610262
Inbred_5368,Cluster8,Tester_6957,Cluster4,0.994735567221326
Inbred_5368,Cluster8,Tester_7616,Cluster4,0.934978108578717
Inbred_5368,Cluster8,Tester_8078,Cluster1,1.0182279949200577
Inbred_5368,Cluster8,Tester_8250,Cluster3,0.9691574450354904
Inbred_5369,Cluster8,Tester_5413,Cluster11,0.9845918732535124
Inbred_5369,Cluster8,Tester_5414,Cluster4,0.9570354844903765
Inbred_5369,Cluster8,Tester_5431,Cluster4,0.9697931436366626
Inbred_5369,Cluster8,Tester_5451,Cluster1,0.9972720658626041
Inbred_5369,Cluster8,Tester_6200,Cluster5,0.9912945005526242
Inbred_5369,Cluster8,Tester_6235,Cluster3,1.0333171583065022
Inbred_5369,Cluster8,Tester_6253,Cluster3,0.9865553026276797
Inbred_5369,Cluster8,Tester_7978,Cluster1,0.9791470184447352
Inbred_5369,Cluster8,Tester_7992,Cluster3,1.0083512927693765
Inbred_5369,Cluster8,Tester_8078,Cluster1,1.018993335622537
Inbred_5370,Cluster17,Tester_5409,Cluster6,0.9683908507824761
Inbred_5372,Cluster7,Tester_5414,Cluster4,0.9924117673520695
Inbred_5372,Cluster7,Tester_5426,Cluster3,1.0472326510311318
Inbred_5372,Cluster7,Tester_5429,Cluster5,1.025781896103026
Inbred_5372,Cluster7,Tester_5440,Cluster1,1.0511568535319087
Inbred_5372,Cluster7,Tester_5490,Cluster1,1.0713038958743188
Inbred_5374,Cluster17,Tester_5436,Cluster1,1.0162294150788287
Inbred_5374,Cluster17,Tester_8250,Cluster3,0.9984880657004415
Inbred_5375,Cluster17,Tester_5403,Cluster3,0.9793044041172138
Inbred_5375,Cluster17,Tester_5409,Cluster6,1.0008476538150544
Inbred_5375,Cluster17,Tester_5441,Cluster1,0.9925388580026826
Inbred_5375,Cluster17,Tester_6866,Cluster5,1.0298167768701956
Inbred_5375,Cluster17,Tester_7615,Cluster3,0.9589610485169794
Inbred_5376,Cluster17,Tester_5454,Cluster3,0.9456890251908199
Inbred_5376,Cluster17,Tester_5601,Cluster3,0.9252923491097669
Inbred_5377,Cluster8,Tester_5403,Cluster3,0.9812275673881641
Inbred_5377,Cluster8,Tester_5406,Cluster4,0.9975340898679639
Inbred_5377,Cluster8,Tester_5433,Cluster1,1.0161566964925521
Inbred_5377,Cluster8,Tester_6198,Cluster5,1.0002977480257897
Inbred_5380,Cluster17,Tester_5559,Cluster3,0.989831324316743
Inbred_5380,Cluster17,Tester_6381,Cluster3,0.9955211692150533
Inbred_5381,Cluster17,Tester_5580,Cluster3,1.0291159880393164
Inbred_5381,Cluster17,Tester_6375,Cluster3,0.9646842838603183
Inbred_5382,Cluster17,Tester_5414,Cluster4,0.937690508486115
Inbred_5382,Cluster17,Tester_5433,Cluster1,0.9789980439930953
Inbred_5382,Cluster17,Tester_5482,Cluster1,1.0099726415033674
Inbred_5382,Cluster17,Tester_6920,Cluster3,1.009625667281617
Inbred_5386,Cluster8,Tester_5403,Cluster3,0.9244881564311824
Inbred_5386,Cluster8,Tester_5495,Cluster5,0.9463261466160364
Inbred_5392,Cluster8,Tester_5404,Cluster4,1.0346785805336849
Inbred_5392,Cluster8,Tester_5406,Cluster4,1.0048551639275682
Inbred_5402,Cluster3,Tester_6287,Cluster8,0.9888282811873056
Inbred_5402,Cluster3,Tester_8199,Cluster10,0.9899187246571226
Inbred_5402,Cluster3,Tester_8218,Cluster2,0.9965498285511535
Inbred_5403,Cluster3,Tester_6355,Cluster8,0.9613082866450259
Inbred_5403,Cluster3,Tester_7326,Cluster17,0.9532659245394609
Inbred_5404,Cluster4,Tester_5526,Cluster17,1.0139172036620792
Inbred_5404,Cluster4,Tester_6290,Cluster8,1.0156334895168717
Inbred_5404,Cluster4,Tester_8043,Cluster8,1.00432629226011
Inbred_5404,Cluster4,Tester_8198,Cluster10,1.0037399865924512
Inbred_5406,Cluster4,Tester_5542,Cluster17,0.9867767574841796
Inbred_5412,Cluster11,Tester_8198,Cluster10,0.984212102069624
Inbred_5415,Cluster1,Tester_6301,Cluster7,0.991674618980297
Inbred_5415,Cluster1,Tester_6314,Cluster8,1.0323315796821892
Inbred_5419,Cluster4,Tester_5545,Cluster17,1.000407842382386
Inbred_5419,Cluster4,Tester_6336,Cluster8,1.003402225117696
Inbred_5421,Cluster3,Tester_5545,Cluster17,0.9836905787235986
Inbred_5421,Cluster3,Tester_6891,Cluster8,0.9810448327654775
Inbred_5422,Cluster3,Tester_6891,Cluster8,1.0273017967856832
Inbred_5422,Cluster3,Tester_6892,Cluster8,1.0442770141523143
Inbred_5422,Cluster3,Tester_7156,Cluster7,1.0434743073575028
Inbred_5422,Cluster3,Tester_8042,Cluster8,1.0514309375676454
Inbred_5429,Cluster5,Tester_6913,Cluster17,0.9952518336714963
Inbred_5429,Cluster5,Tester_7156,Cluster7,1.0096146249683613
Inbred_5429,Cluster5,Tester_8027,Cluster7,0.9879424539846632
Inbred_5433,Cluster1,Tester_5539,Cluster7,0.9749378860892505
Inbred_5433,Cluster1,Tester_6417,Cluster17,0.9883269964716938
Inbred_5435,Cluster1,Tester_5523,Cluster17,1.0060742637458027
Inbred_5435,Cluster1,Tester_5545,Cluster17,1.0128123857068774
Inbred_5435,Cluster1,Tester_6293,Cluster8,1.0105460755327438
Inbred_5435,Cluster1,Tester_6336,Cluster8,1.0162186165826588
Inbred_5435,Cluster1,Tester_6913,Cluster17,1.0131260794226746
Inbred_5435,Cluster1,Tester_8035,Cluster17,1.0388158433106236
Inbred_5436,Cluster1,Tester_5466,Cluster17,0.9989084788510412
Inbred_5436,Cluster1,Tester_6297,Cluster8,0.9723265838754044
Inbred_5436,Cluster1,Tester_6328,Cluster17,0.9845186045552528
Inbred_5440,Cluster1,Tester_5545,Cluster17,1.0194978963487586
Inbred_5441,Cluster1,Tester_6417,Cluster17,0.9973456954168597
Inbred_5450,Cluster5,Tester_7258,Cluster8,1.0090059904842832
Inbred_5450,Cluster5,Tester_8027,Cluster7,1.0211135875687927
Inbred_5451,Cluster1,Tester_5545,Cluster17,0.9942560940323087
Inbred_5451,Cluster1,Tester_6298,Cluster7,0.9686442536997548
Inbred_5476,Cluster5,Tester_6913,Cluster17,1.0023614744632807
Inbred_5481,Cluster1,Tester_5511,Cluster7,1.00741635562787
Inbred_5482,Cluster1,Tester_5526,Cluster17,1.0307487321558124
Inbred_5482,Cluster1,Tester_6314,Cluster8,1.052612994974024
Inbred_5482,Cluster1,Tester_6336,Cluster8,1.028300373219305
Inbred_5482,Cluster1,Tester_6913,Cluster17,1.0260139756729267
Inbred_5483,Cluster1,Tester_5526,Cluster17,1.0177249833782438
Inbred_5483,Cluster1,Tester_8009,Cluster8,1.0016135407228928
Inbred_5495,Cluster5,Tester_6226,Cluster7,1.0257211781507074
Inbred_5495,Cluster5,Tester_6345,Cluster8,0.9768762887161464
Inbred_5495,Cluster5,Tester_7156,Cluster7,1.0207884257462652
Inbred_5506,Cluster7,Tester_5592,Cluster5,0.9720916216432033
Inbred_5510,Cluster7,Tester_8051,Cluster5,1.027889065048159
Inbred_5510,Cluster7,Tester_8070,Cluster1,1.0243055454911112
Inbred_5511,Cluster7,Tester_5574,Cluster1,1.0205366225781172
Inbred_5511,Cluster7,Tester_6397,Cluster3,1.0210067678766241
Inbred_5523,Cluster17,Tester_5595,Cluster1,0.9997406869330884
Inbred_5524,Cluster8,Tester_5601,Cluster3,0.9775565887771452
Inbred_5524,Cluster8,Tester_6373,Cluster1,1.0095342425654334
Inbred_5524,Cluster8,Tester_6942,Cluster1,1.0505668922600018
Inbred_5524,Cluster8,Tester_7616,Cluster4,0.9601573848217448
Inbred_5524,Cluster8,Tester_8060,Cluster3,1.0260685076896892
Inbred_5526,Cluster17,Tester_7647,Cluster5,0.964081049001956
Inbred_5526,Cluster17,Tester_7991,Cluster1,0.9408038365698329
Inbred_5526,Cluster17,Tester_8055,Cluster5,1.0100527455738422
Inbred_5542,Cluster17,Tester_8057,Cluster1,1.0244862021803656
Inbred_5562,Cluster5,Tester_6227,Cluster7,0.9708238377167063
Inbred_5562,Cluster5,Tester_8023,Cluster8,1.0147602434633156
Inbred_5574,Cluster1,Tester_6227,Cluster7,0.96602538242469
Inbred_5574,Cluster1,Tester_6258,Cluster8,1.0052426869476465
Inbred_5574,Cluster1,Tester_6290,Cluster8,0.9947199120970925
Inbred_5574,Cluster1,Tester_8019,Cluster7,0.9806807433696876
Inbred_5574,Cluster1,Tester_8023,Cluster8,1.0102285888347822
Inbred_5592,Cluster5,Tester_6901,Cluster8,1.0068440364178453
Inbred_5593,Cluster5,Tester_7326,Cluster17,0.9963887781655919
Inbred_5604,Cluster1,Tester_6257,Cluster8,0.9877137609468163
Inbred_5604,Cluster1,Tester_8005,Cluster8,1.0028286556049242
Inbred_6259,Cluster17,Tester_7975,Cluster5,0.9974292418002745
Inbred_6287,Cluster8,Tester_6859,Cluster3,0.9847911502200912
Inbred_6287,Cluster8,Tester_6920,Cluster3,1.0295673988814105
Inbred_6313,Cluster7,Tester_6373,Cluster1,1.0009737223963897
Inbred_6336,Cluster8,Tester_6943,Cluster3,1.0057276168321319
Inbred_6348,Cluster17,Tester_7978,Cluster1,1.0009236032827673
Inbred_6348,Cluster17,Tester_7992,Cluster3,1.0302049028856275
Inbred_6348,Cluster17,Tester_7994,Cluster3,1.0393088910564565
Inbred_6355,Cluster8,Tester_7975,Cluster5,0.9984951354312159
Inbred_6375,Cluster3,Tester_6883,Cluster8,0.9597480247128084
Inbred_6381,Cluster3,Tester_8029,Cluster17,0.9986987005743267
Inbred_6381,Cluster3,Tester_8253,Cluster17,0.9472376061071303
Inbred_722,Cluster10,Tester_4097,Cluster6,0.957369126550044
Inbred_722,Cluster10,Tester_4238,Cluster11,0.9680210307046567
Inbred_724,Cluster10,Tester_4160,Cluster4,1.024630193393808
Inbred_724,Cluster10,Tester_4231,Cluster11,0.9932872646319333
Inbred_724,Cluster10,Tester_767,Cluster4,1.0566620539621239
Inbred_725,Cluster17,Tester_4336,Cluster6,1.030289562824489
Inbred_725,Cluster17,Tester_4540,Cluster4,1.0168502097469014
Inbred_725,Cluster17,Tester_828,Cluster11,1.0418371721372146
Inbred_727,Cluster12,Tester_4131,Cluster11,0.9903696569693418
Inbred_727,Cluster12,Tester_4231,Cluster11,0.9851342878484874
Inbred_727,Cluster12,Tester_4350,Cluster11,0.998817853416167
Inbred_727,Cluster12,Tester_4361,Cluster11,0.9772097383539696
Inbred_732,Cluster12,Tester_4115,Cluster6,1.0203919735393259
Inbred_732,Cluster12,Tester_767,Cluster4,1.0379384544633496
Inbred_732,Cluster12,Tester_828,Cluster11,1.0083669123174162
Inbred_733,Cluster10,Tester_4356,Cluster4,0.963347526039928
Inbred_733,Cluster10,Tester_5272,Cluster11,0.9929746815057622
Inbred_736,Cluster10,Tester_4163,Cluster11,0.9855511459633246
Inbred_736,Cluster10,Tester_4336,Cluster6,0.9836525625815338
Inbred_736,Cluster10,Tester_4350,Cluster11,0.9749793884958313
Inbred_737,Cluster12,Tester_2724,Cluster3,1.003002567591676
Inbred_737,Cluster12,Tester_4097,Cluster6,0.9838368041557007
Inbred_737,Cluster12,Tester_4152,Cluster11,0.9858245396614406
Inbred_737,Cluster12,Tester_4160,Cluster4,1.0106650765246215
Inbred_737,Cluster12,Tester_4264,Cluster1,1.0025451060698212
Inbred_737,Cluster12,Tester_4357,Cluster4,0.9980455135638738
Inbred_738,Cluster12,Tester_4097,Cluster6,0.9916235531624977
Inbred_739,Cluster10,Tester_1345,Cluster1,0.975894233529521
Inbred_739,Cluster10,Tester_4152,Cluster11,0.9573264831589954
Inbred_739,Cluster10,Tester_4154,Cluster6,1.0009243767519047
Inbred_739,Cluster10,Tester_4238,Cluster11,0.9657053762258525
Inbred_739,Cluster10,Tester_4348,Cluster6,0.9919280930748386
Inbred_739,Cluster10,Tester_5270,Cluster4,0.9313521332714412
Inbred_740,Cluster10,Tester_1345,Cluster1,1.0091841744099213
Inbred_740,Cluster10,Tester_4356,Cluster4,1.001512250765365
Inbred_740,Cluster10,Tester_5204,Cluster5,0.9724337018325353
Inbred_740,Cluster10,Tester_761,Cluster5,1.0130244975745775
Inbred_741,Cluster10,Tester_4231,Cluster11,1.003929862944456
Inbred_741,Cluster10,Tester_4339,Cluster4,0.9762359584772504
Inbred_743,Cluster10,Tester_1345,Cluster1,0.9954415177646677
Inbred_743,Cluster10,Tester_4146,Cluster11,0.9792872238631236
Inbred_743,Cluster10,Tester_4354,Cluster4,0.9784617499007464
Inbred_743,Cluster10,Tester_5278,Cluster4,1.0109033474002969
Inbred_743,Cluster10,Tester_5281,Cluster11,0.9907407908803443
Inbred_743,Cluster10,Tester_5305,Cluster4,1.0111220343152534
Inbred_743,Cluster10,Tester_5435,Cluster1,1.0057601794927091
Inbred_743,Cluster10,Tester_767,Cluster4,1.0334412440966403
Inbred_744,Cluster10,Tester_4163,Cluster11,1.0004916157221495
Inbred_744,Cluster10,Tester_4262,Cluster4,0.9947029227782326
Inbred_745,Cluster10,Tester_4238,Cluster11,0.9972302629852646
Inbred_745,Cluster10,Tester_4353,Cluster11,0.9666596199494316
Inbred_746,Cluster12,Tester_4152,Cluster11,0.982225204676775
Inbred_747,Cluster10,Tester_4155,Cluster11,0.995190246055932
Inbred_748,Cluster10,Tester_4350,Cluster11,0.9793143037905969
Inbred_748,Cluster10,Tester_5279,Cluster4,0.9923677075236315
Inbred_748,Cluster10,Tester_5404,Cluster4,1.0018343957041205
Inbred_749,Cluster12,Tester_829,Cluster4,0.9779545886241717
Inbred_750,Cluster12,Tester_4231,Cluster11,0.9420639348896879
Inbred_751,Cluster10,Tester_767,Cluster4,1.0326270706792615
Inbred_751,Cluster10,Tester_821,Cluster4,1.0278623814994805
Inbred_752,Cluster10,Tester_828,Cluster11,1.0196521535893588
Inbred_753,Cluster12,Tester_4361,Cluster11,0.9869145992710362
Inbred_753,Cluster12,Tester_828,Cluster11,1.027548617168601
Inbred_754,Cluster12,Tester_4160,Cluster4,1.0338898691834517
Inbred_756,Cluster5,Tester_3582,Cluster8,0.9694395453282874
Inbred_756,Cluster5,Tester_776,Cluster8,0.9872471469230303
Inbred_757,Cluster5,Tester_4312,Cluster7,0.9573793148143779
Inbred_759,Cluster5,Tester_776,Cluster8,0.9733332539287087
Inbred_759,Cluster5,Tester_779,Cluster17,0.9829785705207841
Inbred_761,Cluster5,Tester_5374,Cluster17,0.9750871528888869
Inbred_761,Cluster5,Tester_5375,Cluster17,0.9821204367804514
Inbred_761,Cluster5,Tester_779,Cluster17,0.978790751697295
Inbred_764,Cluster5,Tester_776,Cluster8,1.013780476992177
Inbred_765,Cluster5,Tester_4200,Cluster17,0.9659726647164169
Inbred_765,Cluster5,Tester_4291,Cluster17,1.0021097443377203
Inbred_765,Cluster5,Tester_775,Cluster8,1.0090013678312695
Inbred_765,Cluster5,Tester_793,Cluster17,1.0073151142262387
Inbred_765,Cluster5,Tester_8205,Cluster10,1.0107484982062063
Inbred_767,Cluster4,Tester_4321,Cluster17,1.001315542853903
Inbred_768,Cluster5,Tester_4311,Cluster17,0.974553692612632
Inbred_769,Cluster5,Tester_5523,Cluster17,0.9981000413092402
Inbred_770,Cluster10,Tester_4115,Cluster6,0.9997121723239474
Inbred_770,Cluster10,Tester_828,Cluster11,0.9874502054671762
Inbred_771,Cluster10,Tester_4341,Cluster11,1.0030800442870236
Inbred_771,Cluster10,Tester_821,Cluster4,1.0400177643710307
Inbred_773,Cluster10,Tester_4341,Cluster11,1.0137951603030282
Inbred_774,Cluster10,Tester_4540,Cluster4,0.9734877980883705
Inbred_776,Cluster8,Tester_4160,Cluster4,0.94014366852357
Inbred_776,Cluster8,Tester_4540,Cluster4,0.9169682995900186
Inbred_776,Cluster8,Tester_5495,Cluster5,0.9204726337702476
Inbred_777,Cluster17,Tester_4240,Cluster11,0.9955692372653349
Inbred_779,Cluster17,Tester_4063,Cluster5,0.9704728969344764
Inbred_779,Cluster17,Tester_4163,Cluster11,0.9623047074280937
Inbred_779,Cluster17,Tester_4361,Cluster11,0.9303232430004553
Inbred_781,Cluster17,Tester_5305,Cluster4,1.042156992427295
Inbred_782,Cluster17,Tester_2773,Cluster5,0.9895467896038848
Inbred_783,Cluster17,Tester_5317,Cluster5,1.0265027839258434
Inbred_785,Cluster17,Tester_3485,Cluster5,1.0100903935992092
Inbred_785,Cluster17,Tester_5317,Cluster5,0.9959003895088274
Inbred_787,Cluster17,Tester_2773,Cluster5,1.0249240781783235
Inbred_787,Cluster17,Tester_5197,Cluster5,1.0627531056882171
Inbred_787,Cluster17,Tester_5198,Cluster5,1.0273249797663901
Inbred_787,Cluster17,Tester_5204,Cluster5,0.9839545731273672
Inbred_787,Cluster17,Tester_5317,Cluster5,1.030838267720739
Inbred_789,Cluster8,Tester_4264,Cluster1,1.0013172337116716
Inbred_789,Cluster8,Tester_4336,Cluster6,1.0006323054937167
Inbred_789,Cluster8,Tester_4359,Cluster4,0.985984638533495
Inbred_789,Cluster8,Tester_4370,Cluster3,1.0386042811698182
Inbred_789,Cluster8,Tester_5558,Cluster1,0.9914729076628646
Inbred_789,Cluster8,Tester_8060,Cluster3,1.0076204834091278
Inbred_790,Cluster10,Tester_4151,Cluster11,1.0351116931058049
Inbred_791,Cluster17,Tester_4163,Cluster11,1.014359836301453
Inbred_792,Cluster17,Tester_4163,Cluster11,0.9960954420374672
Inbred_793,Cluster17,Tester_2636,Cluster4,0.9479665254852243
Inbred_794,Cluster17,Tester_4155,Cluster11,0.9823331741437495
Inbred_794,Cluster17,Tester_4269,Cluster5,1.0211352852643534
Inbred_794,Cluster17,Tester_4348,Cluster6,1.0197894574783644
Inbred_796,Cluster17,Tester_4361,Cluster11,0.9613750222492375
Inbred_796,Cluster17,Tester_4370,Cluster3,1.0306724531120626
Inbred_796,Cluster17,Tester_5495,Cluster5,0.9818117907715289
Inbred_799,Cluster8,Tester_3791,Cluster11,1.0092515809621057
Inbred_799,Cluster8,Tester_4373,Cluster3,1.0389973568270847
Inbred_800,Cluster8,Tester_4160,Cluster4,1.0042996544851563
Inbred_800,Cluster8,Tester_4262,Cluster4,0.9902949815083076
Inbred_800,Cluster8,Tester_5435,Cluster1,1.0074435502685377
Inbred_800,Cluster8,Tester_829,Cluster4,0.9507663076373031
Inbred_801,Cluster8,Tester_5264,Cluster4,0.9842908532815048
Inbred_801,Cluster8,Tester_5435,Cluster1,0.9918967883705158
Inbred_803,Cluster8,Tester_4336,Cluster6,0.9843846222266244
Inbred_818,Cluster11,Tester_4494,Cluster10,0.9611977125393186
Inbred_821,Cluster4,Tester_4048,Cluster10,1.0341948789301343
Inbred_828,Cluster11,Tester_4025,Cluster10,1.0135780885889936
Inbred_836,Cluster17,Tester_4099,Cluster6,1.0359654666761378
Inbred_836,Cluster17,Tester_4348,Cluster6,1.030363958796825
